#{"t_start": 1766930957.4524403, "env_id": "None"}
r,l,t
-1.0,20,1.17688
1.0,18,1.215605
-5.0,18,1.244049
5.0,18,1.291238
-5.0,20,1.332705
-4.0,21,1.377188
-4.0,18,1.414825
0.0,18,1.452115
3.0,20,1.493164
-2.0,18,1.52491
0.0,21,1.572087
-2.0,18,1.614436
-4.0,18,1.666473
2.0,18,2.287774
-1.0,18,2.325482
4.0,18,2.358273
-4.0,18,2.40104
2.0,21,2.444255
-2.0,20,2.4823
0.0,18,2.520334
-3.0,20,2.560231
3.0,21,2.608236
2.0,18,2.639261
-4.0,20,2.689141
-3.0,18,2.726242
3.0,18,2.766923
-2.0,18,2.796163
0.0,21,3.459571
-4.0,18,3.49877
3.0,18,3.538969
1.0,20,3.582661
4.0,18,3.62213
4.0,19,3.672132
1.0,20,3.712126
-4.0,18,3.756536
-4.0,20,3.796557
1.0,18,3.843445
-3.0,18,3.893239
2.0,18,3.932302
2.0,21,3.984781
-5.0,18,4.583763
4.0,20,4.632359
-4.0,18,4.673677
4.0,23,4.727191
1.0,21,4.773459
0.0,21,4.817804
1.0,18,4.859619
4.0,18,4.891579
-2.0,20,4.947695
-3.0,18,4.989391
6.0,18,5.031254
-1.0,18,5.078186
4.0,21,5.124369
-3.0,18,5.733047
-2.0,18,5.774652
-4.0,18,5.814521
0.0,23,5.867728
0.0,18,5.908164
-2.0,19,5.951719
5.0,18,5.996827
-4.0,18,6.061936
-3.0,20,6.117948
2.0,18,6.158071
0.0,22,6.202235
-3.0,18,6.238982
0.0,18,6.282445
4.0,18,6.322431
-1.0,18,6.889315
0.0,18,6.924078
0.0,20,6.968014
0.0,20,7.008112
0.0,18,7.051143
3.0,18,7.088135
-3.0,21,7.131964
-3.0,18,7.169134
0.0,18,7.200522
0.0,18,7.242526
-3.0,18,7.281248
-1.0,18,7.317933
-3.0,23,7.358256
-3.0,21,7.910083
-3.0,19,7.951969
-4.0,18,7.988993
1.0,18,8.025937
1.0,18,8.063512
2.0,18,8.091714
0.0,18,8.133273
3.0,20,8.172345
3.0,18,8.208017
-4.0,18,8.249925
4.0,18,8.289201
4.0,20,8.332006
-2.0,18,8.370616
-4.0,18,8.409728
0.0,18,8.949398
-4.0,18,8.986906
-1.0,20,9.032078
4.0,18,9.070235
0.0,21,9.10819
-2.0,18,9.149125
-1.0,22,9.191843
1.0,20,9.234461
-4.0,18,9.272486
-1.0,18,9.308467
-4.0,18,9.345488
2.0,18,9.387575
2.0,20,9.431235
-2.0,21,9.47213
5.0,18,10.025411
2.0,18,10.063171
3.0,21,10.102773
3.0,18,10.139248
-3.0,19,10.184371
0.0,18,10.217985
1.0,18,10.249463
-4.0,18,10.29153
-2.0,18,10.332326
4.0,21,10.372454
1.0,18,10.41245
2.0,21,10.456683
0.0,18,10.491587
0.0,18,11.037845
-4.0,20,11.082029
2.0,20,11.124093
3.0,18,11.158119
4.0,18,11.197049
0.0,21,11.239126
-2.0,18,11.275863
-2.0,18,11.312718
0.0,18,11.344582
-2.0,20,11.392726
0.0,20,11.436106
2.0,18,11.472452
3.0,19,11.513241
2.0,21,11.558301
4.0,20,12.098715
0.0,18,12.139722
-2.0,18,12.180804
3.0,21,12.222328
3.0,18,12.258112
-4.0,18,12.297336
-2.0,18,12.331954
0.0,18,12.367976
1.0,18,12.407086
0.0,21,12.453235
2.0,21,12.496988
-1.0,18,12.532056
4.0,20,12.572312
-2.0,18,13.122296
5.0,21,13.167818
5.0,18,13.20439
3.0,21,13.238966
-5.0,18,13.286628
4.0,25,13.339098
-4.0,18,13.381307
0.0,21,13.425408
4.0,18,13.45826
-4.0,18,13.501307
0.0,18,13.532782
0.0,18,13.572468
-1.0,22,13.618041
-2.0,18,14.158175
2.0,18,14.19959
-4.0,18,14.239263
4.0,22,14.284861
1.0,18,14.322262
-4.0,19,14.358261
2.0,18,14.400662
-4.0,18,14.440114
4.0,20,14.482253
-3.0,21,14.522075
1.0,18,14.561309
3.0,20,14.595952
2.0,19,14.643291
2.0,20,14.681924
0.0,21,15.24214
4.0,18,15.280424
2.0,18,15.317717
2.0,18,15.356693
-3.0,18,15.394084
-2.0,18,15.43325
-2.0,21,15.472142
-3.0,18,15.508032
1.0,20,15.548758
-2.0,18,15.59621
2.0,19,15.632245
2.0,18,15.670456
-1.0,18,15.708354
-4.0,18,16.248588
-1.0,18,16.289293
4.0,18,16.326018
4.0,21,16.367879
4.0,18,16.409253
2.0,18,16.448646
-5.0,18,16.485751
-3.0,18,16.517996
-2.0,18,16.560352
-4.0,20,16.596942
-4.0,18,16.632155
-1.0,24,16.686607
-3.0,18,16.724281
3.0,18,16.760295
3.0,18,17.301533
-2.0,18,17.343377
4.0,21,17.387279
4.0,18,17.426787
2.0,20,17.467823
-4.0,20,17.507999
4.0,18,17.549663
1.0,18,17.582237
-1.0,18,17.622762
6.0,21,17.660135
4.0,18,17.702134
1.0,21,17.748649
-2.0,18,17.787068
2.0,18,18.325997
2.0,18,18.363027
2.0,20,18.410439
0.0,18,18.451318
-2.0,18,18.486729
4.0,21,18.532006
-4.0,20,18.572272
-4.0,18,18.608342
-2.0,19,18.646259
-1.0,18,18.686361
1.0,18,18.724787
2.0,23,18.775837
-2.0,18,18.808362
-2.0,20,18.849017
5.0,20,19.396308
1.0,19,19.437236
2.0,18,19.472172
1.0,20,19.508214
-1.0,18,19.549685
4.0,20,19.595748
1.0,20,19.63202
-1.0,18,19.677247
1.0,21,19.718607
1.0,18,19.758056
-3.0,20,19.800448
-4.0,18,19.834003
-4.0,18,19.87235
3.0,21,20.431383
1.0,18,20.467913
-2.0,18,20.503177
-4.0,21,20.545218
-2.0,18,20.582348
-3.0,18,20.624528
-2.0,20,20.663713
1.0,20,20.708166
3.0,18,20.74538
-1.0,18,20.786126
1.0,18,20.822353
-2.0,18,20.858252
-1.0,18,20.892644
-2.0,18,20.932334
4.0,20,21.492247
-1.0,18,21.530675
-4.0,18,21.558326
-4.0,21,21.608214
-2.0,20,21.646353
2.0,22,21.694248
-1.0,18,21.733679
0.0,18,21.773661
-2.0,18,21.808143
-1.0,22,21.851383
0.0,19,21.893511
0.0,18,21.931929
4.0,23,21.981228
-1.0,18,22.514236
-4.0,21,22.558306
-3.0,20,22.599513
-1.0,18,22.63209
-2.0,18,22.675456
1.0,18,22.709965
-2.0,18,22.751723
2.0,18,22.79232
2.0,22,22.83483
3.0,21,22.881549
-4.0,20,22.92233
-3.0,20,22.961018
-3.0,20,23.003278
-1.0,18,23.558231
3.0,20,23.600113
-5.0,18,23.632829
2.0,18,23.667721
2.0,19,23.710525
-2.0,21,23.756711
-3.0,18,23.795138
3.0,20,23.835931
5.0,18,23.872036
-1.0,18,23.908319
3.0,18,23.946379
4.0,18,23.982401
1.0,20,24.02949
3.0,24,24.080581
4.0,18,24.639211
-2.0,20,24.682079
5.0,18,24.722228
0.0,18,24.764717
2.0,20,24.804737
0.0,22,24.851947
4.0,18,24.889199
0.0,18,24.922406
-2.0,20,24.968072
3.0,21,25.01024
-3.0,18,25.05153
3.0,18,25.091545
3.0,18,25.122101
-4.0,18,25.664481
3.0,22,25.708349
1.0,22,25.758179
-1.0,18,25.796453
-4.0,22,25.838962
2.0,18,25.881323
-3.0,18,25.913787
4.0,23,25.960902
1.0,18,25.994416
-1.0,18,26.039193
1.0,19,26.079578
4.0,18,26.118012
-2.0,18,26.155787
3.0,18,26.712357
-3.0,21,26.762712
3.0,18,26.799903
1.0,18,26.832087
0.0,18,26.872262
-4.0,18,26.908168
-2.0,18,26.947367
4.0,21,26.995138
-4.0,21,27.041636
1.0,18,27.081048
-2.0,18,27.117668
4.0,18,27.145589
-4.0,18,27.193021
-2.0,18,27.224182
-2.0,21,27.779218
-3.0,18,27.808248
-2.0,18,27.849742
5.0,18,27.889179
-4.0,19,27.928326
2.0,20,28.003542
-1.0,18,28.061672
4.0,18,28.10269
-2.0,18,28.139146
5.0,18,28.178607
2.0,18,28.210426
-2.0,18,28.252416
-2.0,21,28.295671
4.0,20,28.337357
0.0,18,28.903469
0.0,20,28.939152
3.0,18,28.982654
3.0,25,29.036929
2.0,18,29.077994
-4.0,21,29.118021
0.0,20,29.162839
-2.0,20,29.208151
2.0,18,29.241714
-1.0,19,29.281975
4.0,20,29.322378
-4.0,19,29.35838
-1.0,18,29.401033
0.0,18,29.951
-7.0,20,29.989296
0.0,20,30.036413
-3.0,18,30.074655
2.0,23,30.122183
-2.0,18,30.15839
3.0,18,30.193638
1.0,18,30.232377
-4.0,18,30.272244
-3.0,18,30.308126
-1.0,21,30.352332
-3.0,20,30.393164
-4.0,18,30.432316
-4.0,18,30.972385
1.0,18,31.008
-2.0,20,31.058849
3.0,20,31.099957
1.0,22,31.143609
0.0,18,31.18207
-4.0,19,31.222162
1.0,18,31.258042
-2.0,18,31.29198
-1.0,20,31.339288
-3.0,18,31.37554
3.0,18,31.415805
-4.0,20,31.459593
-4.0,21,31.502739
0.0,18,32.044517
4.0,20,32.08758
4.0,18,32.122055
-1.0,18,32.163562
6.0,18,32.199106
1.0,21,32.239252
0.0,18,32.280865
-1.0,18,32.318012
-4.0,18,32.354105
3.0,18,32.394415
-5.0,18,32.429355
2.0,19,32.468058
-4.0,18,32.502009
2.0,19,33.045629
0.0,18,33.086142
-2.0,18,33.122077
-3.0,18,33.158229
-2.0,18,33.19549
3.0,18,33.232252
-1.0,20,33.277488
3.0,18,33.30808
4.0,18,33.345932
0.0,21,33.391474
1.0,21,33.43541
-2.0,18,33.472316
-1.0,18,33.508929
1.0,18,33.539891
4.0,18,34.096929
-2.0,18,34.133893
3.0,18,34.172283
4.0,20,34.212639
4.0,18,34.244463
-3.0,20,34.294828
-1.0,18,34.331212
2.0,18,34.369623
-3.0,18,34.408353
3.0,18,34.447346
3.0,18,34.482059
-3.0,18,34.522416
-2.0,18,34.558261
-1.0,18,34.595629
0.0,21,35.158433
-4.0,18,35.197085
4.0,20,35.23917
-4.0,18,35.276795
0.0,18,35.316042
-5.0,18,35.358129
0.0,18,35.408386
2.0,20,35.454933
0.0,18,35.494305
3.0,20,35.532325
0.0,18,35.572786
4.0,18,35.60803
-4.0,18,35.639248
4.0,18,35.683813
1.0,18,36.293941
2.0,20,36.339262
3.0,21,36.381963
1.0,18,36.423838
0.0,20,36.463144
-4.0,20,36.504008
-4.0,18,36.542625
-2.0,18,36.582093
2.0,18,36.622171
-1.0,18,36.663788
-4.0,19,36.708076
-1.0,20,36.750643
1.0,18,36.78681
-1.0,19,37.342894
0.0,18,37.372509
-4.0,18,37.418104
3.0,21,37.461019
4.0,18,37.493129
-1.0,23,37.548794
1.0,18,37.582222
4.0,18,37.622373
0.0,18,37.658189
1.0,18,37.698003
0.0,21,37.744249
-1.0,18,37.784272
0.0,18,37.82221
5.0,18,37.85948
4.0,18,38.406433
0.0,21,38.452845
-2.0,22,38.495443
-1.0,18,38.532097
0.0,18,38.57223
-1.0,18,38.608023
-1.0,20,38.63902
-1.0,18,38.688021
-4.0,18,38.727409
1.0,21,38.772318
4.0,19,38.808007
1.0,18,38.844415
-2.0,21,38.889212
1.0,18,39.436394
-3.0,23,39.482255
1.0,20,39.525904
2.0,18,39.561997
4.0,18,39.595561
0.0,18,39.637092
-3.0,18,39.67216
-1.0,18,39.707985
3.0,19,39.754247
-1.0,18,39.793545
0.0,18,39.83211
4.0,22,39.876521
4.0,25,39.922981
1.0,18,40.472379
-4.0,18,40.511337
-4.0,18,40.542803
4.0,18,40.589764
4.0,22,40.631969
0.0,18,40.673125
-4.0,18,40.708073
0.0,18,40.747332
4.0,21,40.793483
-2.0,18,40.831505
-4.0,18,40.867884
-5.0,18,40.893222
0.0,18,40.942776
-4.0,18,40.981322
3.0,18,41.544116
1.0,19,41.58211
0.0,18,41.620152
-1.0,18,41.658205
0.0,19,41.689224
1.0,18,41.731357
-4.0,19,41.77125
4.0,18,41.808397
-4.0,18,41.846208
0.0,20,41.889199
0.0,20,41.924218
2.0,18,41.958134
-3.0,22,42.00858
0.0,19,42.052735
4.0,20,42.601906
1.0,18,42.639617
-3.0,18,42.680732
-4.0,18,42.70911
0.0,20,42.760517
-3.0,21,42.803436
0.0,18,42.839397
4.0,22,42.886771
-1.0,18,42.922342
4.0,20,42.958218
1.0,18,43.004975
2.0,22,43.051843
0.0,22,43.09187
0.0,18,43.63966
1.0,20,43.689191
-2.0,20,43.735615
1.0,19,43.776512
3.0,18,43.814593
1.0,20,43.84672
-3.0,21,43.893834
2.0,18,43.931305
3.0,19,43.968121
-2.0,19,44.009695
5.0,18,44.049276
-4.0,18,44.085328
0.0,23,44.132779
-5.0,18,44.672495
-1.0,20,44.717652
-1.0,20,44.759426
-6.0,21,44.800672
2.0,20,44.841334
1.0,20,44.882151
-4.0,18,44.922295
6.0,20,44.958122
-4.0,18,44.999331
0.0,18,45.042523
-4.0,18,45.078521
0.0,21,45.122521
-2.0,18,45.158213
-4.0,18,45.191803
-1.0,20,45.746292
-5.0,18,45.787687
-4.0,18,45.822392
1.0,18,45.858002
4.0,21,45.905094
0.0,18,45.941833
1.0,18,45.981221
-1.0,18,46.016085
2.0,21,46.062792
0.0,18,46.10253
4.0,22,46.149517
5.0,20,46.191581
1.0,21,46.239127
-4.0,20,46.798838
4.0,21,46.841768
3.0,18,46.880677
-1.0,18,46.917946
0.0,20,46.958236
0.0,20,46.999754
-6.0,20,47.045725
1.0,18,47.08474
-3.0,18,47.119591
-2.0,18,47.15841
4.0,18,47.18895
-2.0,18,47.232177
-2.0,18,47.267937
3.0,21,47.822181
1.0,20,47.863192
0.0,18,47.894894
0.0,18,47.939292
-2.0,21,47.982138
2.0,21,48.028998
4.0,18,48.068274
0.0,18,48.093814
-2.0,18,48.140903
4.0,18,48.182292
-2.0,18,48.219082
-2.0,18,48.250543
1.0,18,48.292376
4.0,19,48.33215
4.0,18,48.858464
3.0,18,48.896916
-4.0,18,48.936702
-1.0,18,48.973963
0.0,20,49.017854
0.0,18,49.056283
-4.0,21,49.094233
1.0,18,49.139292
0.0,20,49.18052
5.0,25,49.232053
1.0,18,49.267962
-2.0,18,49.308373
0.0,18,49.341647
0.0,18,49.895367
-1.0,20,49.943118
0.0,20,49.989012
6.0,18,50.028958
-1.0,18,50.064327
-4.0,19,50.104827
0.0,19,50.141319
2.0,18,50.181984
-4.0,18,50.220427
1.0,20,50.260409
-2.0,18,50.300215
-5.0,18,50.338991
-3.0,18,50.384296
4.0,20,50.426648
-3.0,18,51.008194
1.0,18,51.046993
-4.0,19,51.088376
-4.0,20,51.129399
-1.0,18,51.165462
-3.0,18,51.205004
-4.0,18,51.241585
-4.0,19,51.282352
0.0,18,51.322181
3.0,18,51.363377
-4.0,18,51.402907
-4.0,18,51.441789
1.0,18,51.472092
-4.0,18,51.514895
4.0,20,52.080653
-1.0,19,52.118034
-5.0,20,52.158238
0.0,21,52.200327
-1.0,19,52.242898
-4.0,18,52.285541
3.0,18,52.322196
4.0,20,52.358431
-2.0,20,52.408231
-3.0,18,52.447356
-4.0,18,52.481945
0.0,20,52.522154
-1.0,18,52.558017
2.0,18,53.118695
1.0,18,53.152276
-3.0,20,53.192901
-4.0,19,53.23191
1.0,18,53.272054
-2.0,18,53.308336
-4.0,18,53.342788
-4.0,18,53.386322
3.0,19,53.42617
-3.0,18,53.458405
6.0,18,53.496309
-4.0,20,53.539203
-2.0,22,53.589216
3.0,18,53.62565
1.0,18,54.186115
-1.0,18,54.222704
-4.0,18,54.258108
2.0,19,54.303889
4.0,18,54.339325
-2.0,20,54.382363
-4.0,19,54.420955
-2.0,20,54.458305
4.0,18,54.492029
3.0,20,54.539277
-3.0,18,54.572373
2.0,18,54.608235
-4.0,18,54.645345
4.0,20,54.689332
4.0,19,55.239214
2.0,18,55.272416
-1.0,18,55.308046
2.0,18,55.34972
0.0,18,55.391098
-6.0,18,55.427159
-4.0,18,55.460245
0.0,18,55.502794
3.0,20,55.543848
-2.0,19,55.58198
4.0,22,55.628332
0.0,18,55.667894
-3.0,18,55.706919
1.0,20,56.258366
-2.0,18,56.28942
-2.0,18,56.335286
2.0,18,56.372353
-4.0,19,56.417026
3.0,18,56.454448
-1.0,18,56.489204
-3.0,18,56.522069
1.0,18,56.558077
-4.0,18,56.60024
3.0,18,56.63911
2.0,18,56.672414
0.0,19,56.711409
3.0,18,56.758258
-4.0,18,56.796561
4.0,22,57.339085
1.0,18,57.387561
-4.0,18,57.425559
0.0,19,57.45859
4.0,20,57.50611
5.0,25,57.552096
0.0,28,57.607969
-2.0,19,57.648851
-4.0,18,57.689062
-1.0,18,57.726103
-4.0,18,57.766495
4.0,18,57.804262
-4.0,21,58.365565
5.0,20,58.408322
2.0,20,58.450698
1.0,18,58.483005
-2.0,20,58.522321
3.0,18,58.55835
3.0,21,58.602411
2.0,25,58.658456
-3.0,18,58.693848
0.0,22,58.746169
-2.0,18,58.785494
-4.0,18,58.822116
1.0,18,58.860647
-3.0,21,59.416431
-4.0,19,59.458791
0.0,20,59.489752
4.0,18,59.536882
4.0,23,59.58429
2.0,18,59.619414
-2.0,18,59.658122
-2.0,18,59.694136
5.0,23,59.746981
2.0,20,59.789259
2.0,18,59.822173
0.0,20,59.868263
4.0,20,59.908214
-2.0,18,60.461186
2.0,18,60.497653
1.0,18,60.536806
-7.0,22,60.583762
4.0,22,60.625717
4.0,19,60.66769
3.0,18,60.694151
-4.0,21,60.748137
3.0,19,60.787891
-2.0,20,60.830493
-3.0,18,60.867929
-4.0,18,60.89985
1.0,18,60.941732
-2.0,18,60.978431
-5.0,18,61.524954
1.0,20,61.558401
0.0,22,61.608069
0.0,18,61.647677
-4.0,18,61.682057
4.0,19,61.727917
-3.0,18,61.767741
-2.0,18,61.80278
0.0,18,61.839438
-1.0,18,61.878212
-1.0,20,61.920777
1.0,18,61.958249
-2.0,18,61.991685
-1.0,24,62.539247
-2.0,18,62.585835
2.0,19,62.622187
0.0,20,62.668032
-4.0,20,62.708024
-2.0,18,62.749153
0.0,21,62.792826
-5.0,18,62.830414
2.0,18,62.872433
3.0,20,62.908221
3.0,18,62.949534
-4.0,20,62.99388
-6.0,18,63.03295
0.0,22,63.633021
0.0,22,63.681919
1.0,18,63.717901
-3.0,18,63.758921
-1.0,20,63.793256
1.0,20,63.839364
0.0,18,63.881357
1.0,18,63.908445
1.0,19,63.949607
2.0,18,63.99185
-3.0,18,64.028953
-1.0,19,64.069387
3.0,18,64.100117
0.0,20,64.146512
0.0,18,64.692629
4.0,18,64.724385
-4.0,21,64.775154
0.0,19,64.808066
0.0,18,64.849328
4.0,20,64.891039
0.0,20,64.934028
0.0,18,64.972293
-1.0,18,65.008012
4.0,22,65.057984
-4.0,20,65.100241
-5.0,18,65.139276
1.0,18,65.173775
3.0,18,65.697081
1.0,20,65.744203
-2.0,18,65.782811
0.0,21,65.825818
-1.0,18,65.858287
-4.0,18,65.889453
3.0,18,65.932283
4.0,18,65.967963
-2.0,19,66.008155
-4.0,18,66.05073
0.0,21,66.095306
0.0,18,66.132185
-1.0,19,66.17351
-3.0,20,66.211078
0.0,18,66.770938
0.0,20,66.80983
-1.0,18,66.841178
-3.0,18,66.882879
-2.0,19,66.924378
-4.0,18,66.958338
0.0,18,66.999568
4.0,18,67.040296
5.0,18,67.078995
3.0,18,67.116518
-1.0,18,67.152136
4.0,20,67.195905
2.0,18,67.232758
4.0,18,67.268703
0.0,18,67.832253
-4.0,18,67.874227
-2.0,18,67.917767
-3.0,18,67.953023
-2.0,20,67.989088
0.0,18,68.033093
2.0,18,68.073181
-6.0,21,68.117987
-4.0,19,68.157964
2.0,20,68.19554
4.0,24,68.242995
0.0,20,68.289295
3.0,18,68.325575
-3.0,18,68.889326
1.0,18,68.928106
-3.0,18,68.95844
-4.0,18,68.99945
-2.0,18,69.041977
1.0,18,69.080426
2.0,18,69.112625
-4.0,19,69.15706
4.0,18,69.192115
1.0,18,69.230395
-3.0,20,69.272372
1.0,21,69.309279
0.0,18,69.351248
1.0,18,69.391659
5.0,18,69.9762
-1.0,18,70.024587
2.0,21,70.097379
-4.0,18,70.1466
-1.0,18,70.196856
0.0,18,70.239137
2.0,20,70.296281
5.0,18,70.350368
1.0,20,70.414005
-2.0,18,70.468026
4.0,21,70.5223
0.0,18,70.568018
3.0,20,70.619916
-4.0,18,70.673409
-1.0,20,71.317748
-1.0,18,71.358312
0.0,18,71.409666
1.0,18,71.468153
-1.0,18,71.514926
-4.0,18,71.568557
-3.0,20,71.627274
-4.0,21,71.684371
-4.0,18,71.733935
3.0,20,71.79255
4.0,18,71.843447
2.0,18,71.898764
-3.0,20,71.943014
4.0,25,72.558485
0.0,18,72.596814
0.0,18,72.632266
-1.0,18,72.672169
4.0,20,72.715917
4.0,18,72.754426
-1.0,18,72.792747
3.0,18,72.832361
-1.0,18,72.867888
2.0,18,72.901819
0.0,19,72.941194
2.0,20,72.989238
-4.0,18,73.028267
5.0,19,73.06773
-2.0,18,73.674174
3.0,20,73.717188
2.0,18,73.763879
-1.0,18,73.797207
-4.0,18,73.854249
-3.0,20,73.896824
-2.0,18,73.946155
0.0,20,74.004807
4.0,18,74.043485
-1.0,20,74.085102
-4.0,21,74.125813
2.0,18,74.158059
-1.0,20,74.208212
2.0,18,74.75609
-3.0,18,74.793467
3.0,20,74.832162
-2.0,20,74.872216
4.0,23,74.917721
-2.0,20,74.958416
-4.0,18,74.989305
-4.0,18,75.040599
3.0,22,75.088011
0.0,20,75.132159
2.0,19,75.17216
-5.0,18,75.208069
-2.0,22,75.251317
-4.0,20,75.817822
-3.0,22,75.868026
4.0,18,75.905282
-1.0,18,75.940714
-4.0,18,75.973068
-3.0,18,76.023485
-4.0,18,76.062257
-1.0,20,76.101667
4.0,19,76.1393
4.0,21,76.185417
-4.0,21,76.229372
-4.0,18,76.264901
-4.0,21,76.312271
4.0,18,76.344057
-4.0,18,76.8926
2.0,18,76.934241
1.0,18,76.975022
4.0,20,77.008281
-2.0,18,77.05622
0.0,21,77.091785
2.0,18,77.139037
3.0,21,77.182296
5.0,18,77.217927
-1.0,18,77.249444
-2.0,18,77.291028
-4.0,20,77.332155
-4.0,20,77.377081
0.0,20,77.938938
3.0,20,77.98045
-4.0,18,78.018138
4.0,18,78.056527
4.0,20,78.092183
0.0,20,78.138936
1.0,20,78.180788
1.0,18,78.218121
0.0,18,78.249789
-1.0,21,78.297196
3.0,21,78.339207
-2.0,18,78.380746
-1.0,18,78.418036
-4.0,23,78.973125
2.0,22,79.022175
-2.0,18,79.060495
3.0,20,79.092546
4.0,18,79.140083
-2.0,18,79.172081
3.0,20,79.217735
-2.0,18,79.250945
3.0,23,79.297673
2.0,20,79.345136
5.0,20,79.389656
2.0,20,79.432119
3.0,20,79.472062
2.0,18,80.027831
-6.0,18,80.066272
-2.0,18,80.103166
-2.0,20,80.138933
1.0,18,80.181222
-4.0,18,80.222036
1.0,20,80.261513
0.0,20,80.304702
-1.0,20,80.345397
-4.0,18,80.38808
-3.0,18,80.426413
1.0,19,80.465418
2.0,18,80.497474
3.0,21,80.539267
-3.0,21,81.108442
-2.0,18,81.150808
-1.0,18,81.192371
2.0,18,81.230769
-2.0,18,81.267598
2.0,18,81.298945
-3.0,18,81.341146
-3.0,18,81.384042
-1.0,18,81.422432
2.0,20,81.458443
3.0,21,81.509767
-2.0,18,81.547406
5.0,21,81.589289
4.0,22,82.150102
-1.0,18,82.187075
4.0,18,82.22226
4.0,18,82.263088
-2.0,18,82.300261
4.0,22,82.346424
1.0,18,82.38671
1.0,18,82.423455
0.0,18,82.458083
-5.0,18,82.48929
0.0,18,82.53323
-2.0,20,82.572427
1.0,18,82.61133
3.0,18,82.642694
-2.0,23,83.222054
-1.0,18,83.258415
-3.0,21,83.300702
-1.0,18,83.339251
2.0,18,83.381302
-1.0,24,83.432703
-2.0,18,83.468067
4.0,19,83.508132
-2.0,18,83.539173
-3.0,18,83.582301
3.0,21,83.622205
-2.0,18,83.660439
-3.0,18,83.691791
-1.0,18,84.240825
-4.0,18,84.27813
1.0,19,84.322294
-1.0,18,84.35842
3.0,22,84.405805
2.0,18,84.443957
4.0,21,84.488945
-4.0,18,84.522484
-4.0,18,84.565502
0.0,18,84.60085
-3.0,18,84.639301
5.0,18,84.674759
1.0,18,84.717911
4.0,18,84.756427
-4.0,18,85.298319
4.0,24,85.345862
-4.0,18,85.391576
1.0,18,85.429513
-1.0,20,85.4723
4.0,20,85.50803
-2.0,18,85.549712
-1.0,20,85.591717
0.0,20,85.634922
-5.0,20,85.677278
-1.0,18,85.70799
0.0,18,85.753363
2.0,18,85.789638
-1.0,18,86.339073
-4.0,18,86.375906
1.0,18,86.416639
-3.0,20,86.458389
-2.0,18,86.491859
-4.0,18,86.534717
-4.0,18,86.57201
-3.0,21,86.613901
1.0,18,86.645487
-3.0,20,86.69313
5.0,23,86.745271
4.0,18,86.784266
4.0,20,86.822063
-4.0,18,86.858344
3.0,18,87.402482
-1.0,18,87.442378
-3.0,22,87.486381
-4.0,18,87.5223
3.0,19,87.558137
4.0,19,87.596505
2.0,18,87.638996
3.0,18,87.672513
-2.0,18,87.708304
2.0,18,87.7533
3.0,20,87.795608
4.0,23,87.844023
-1.0,20,87.881944
2.0,18,88.445899
-3.0,18,88.48231
2.0,19,88.522091
2.0,21,88.56883
1.0,20,88.608173
5.0,18,88.646847
-2.0,18,88.682959
1.0,18,88.725628
-1.0,18,88.761766
-5.0,18,88.800685
3.0,20,88.840039
4.0,20,88.889071
-1.0,18,88.928638
2.0,18,88.965052
3.0,18,89.531182
-1.0,18,89.566433
4.0,20,89.599075
-1.0,18,89.645804
4.0,21,89.689256
-1.0,20,89.73095
-1.0,24,89.783036
1.0,20,89.822131
1.0,18,89.860459
-3.0,19,89.897694
-4.0,18,89.93226
1.0,19,89.976946
-1.0,20,90.018005
-4.0,18,90.567972
4.0,18,90.599685
-4.0,18,90.641198
-2.0,18,90.681278
0.0,18,90.717987
4.0,18,90.759126
-2.0,18,90.79919
-2.0,21,90.839919
-4.0,18,90.877611
0.0,18,90.918037
-4.0,18,90.946383
5.0,18,90.989182
0.0,20,91.033326
1.0,18,91.070555
3.0,18,91.622294
4.0,18,91.658002
1.0,18,91.694893
-4.0,18,91.737551
1.0,18,91.775415
-3.0,20,91.808788
3.0,20,91.858262
3.0,18,91.892318
-2.0,18,91.932112
-1.0,18,91.972324
0.0,21,92.015164
0.0,18,92.054978
-4.0,20,92.097572
-4.0,20,92.13913
-1.0,18,92.672358
5.0,18,92.711384
-1.0,18,92.758141
-4.0,18,92.796065
0.0,18,92.832083
2.0,18,92.868227
3.0,18,92.899567
2.0,18,92.941809
-1.0,19,92.982395
4.0,24,93.034096
4.0,18,93.070827
-1.0,20,93.112769
-4.0,18,93.145504
-1.0,18,93.708354
0.0,21,93.752903
4.0,18,93.794318
-2.0,18,93.830402
0.0,18,93.868412
-2.0,20,93.908066
-5.0,23,93.945766
-4.0,18,93.996572
-3.0,20,94.037599
-1.0,21,94.083997
-4.0,18,94.117706
-5.0,18,94.158203
-5.0,18,94.193888
2.0,21,94.239215
2.0,18,94.784798
-4.0,18,94.820594
1.0,23,94.868448
0.0,18,94.900143
0.0,19,94.946951
4.0,20,94.981907
-3.0,18,95.028936
2.0,21,95.075977
-2.0,18,95.113668
5.0,18,95.151062
2.0,20,95.192943
4.0,19,95.231248
1.0,20,95.272168
1.0,18,95.833806
-4.0,18,95.872398
-3.0,21,95.917732
-1.0,20,95.958172
4.0,19,95.996375
-3.0,18,96.041852
-3.0,19,96.08201
2.0,20,96.122401
-5.0,18,96.158357
6.0,18,96.193254
-1.0,19,96.240794
2.0,19,96.280573
-3.0,20,96.319908
-7.0,18,96.889218
-3.0,18,96.92226
-4.0,18,96.958129
-1.0,20,97.00397
-5.0,18,97.045061
2.0,18,97.085619
-3.0,20,97.124549
-2.0,18,97.167822
-4.0,19,97.208218
0.0,20,97.249306
1.0,20,97.289331
-1.0,18,97.330925
4.0,20,97.37336
-1.0,20,97.41569
-2.0,18,97.95802
2.0,19,97.999456
4.0,18,98.043561
-3.0,18,98.094471
-2.0,20,98.17885
0.0,20,98.220766
1.0,20,98.258168
-1.0,18,98.300081
-1.0,20,98.339081
-4.0,18,98.378944
2.0,18,98.421423
2.0,21,98.460119
-2.0,18,98.501205
0.0,21,99.061651
-4.0,18,99.098483
-4.0,18,99.134775
0.0,18,99.172182
-2.0,18,99.2098
-3.0,18,99.248473
4.0,18,99.283454
-2.0,21,99.322113
-3.0,18,99.367824
3.0,20,99.412512
-4.0,18,99.451863
4.0,20,99.490986
-2.0,18,99.530419
0.0,20,99.57052
4.0,20,100.132072
5.0,21,100.17331
4.0,18,100.212509
5.0,20,100.258169
6.0,18,100.307333
-4.0,18,100.349613
-1.0,20,100.393275
4.0,20,100.438322
0.0,18,100.472183
3.0,20,100.518528
-3.0,19,100.558066
-2.0,18,100.591618
-2.0,19,100.633863
-2.0,18,101.196501
2.0,18,101.23191
-2.0,18,101.270198
-4.0,18,101.30168
0.0,21,101.339282
3.0,18,101.387535
-4.0,20,101.430392
4.0,20,101.472323
0.0,21,101.509305
-6.0,18,101.55115
0.0,18,101.592439
-3.0,18,101.629807
0.0,18,101.667953
-4.0,20,101.708244
3.0,20,102.252081
1.0,21,102.299027
0.0,18,102.339203
-3.0,18,102.37813
4.0,21,102.42589
-1.0,19,102.462217
0.0,18,102.493328
-4.0,18,102.539838
-2.0,22,102.588948
4.0,18,102.622469
-5.0,20,102.668073
2.0,18,102.700674
1.0,18,102.744008
-4.0,18,103.292357
4.0,22,103.339756
0.0,18,103.372261
2.0,18,103.420196
0.0,20,103.462105
4.0,18,103.498714
0.0,23,103.542446
3.0,18,103.582067
1.0,21,103.631342
-2.0,18,103.667684
-1.0,20,103.700552
4.0,18,103.747269
-2.0,18,103.786314
4.0,24,104.341789
3.0,18,104.382191
2.0,18,104.42085
2.0,21,104.463018
-1.0,22,104.510264
4.0,21,104.542318
-1.0,20,104.58978
1.0,18,104.622263
3.0,18,104.658251
0.0,18,104.702018
0.0,20,104.746287
-4.0,20,104.788994
4.0,18,104.822047
1.0,18,104.863628
-4.0,18,105.414108
-4.0,20,105.455805
2.0,18,105.493313
-4.0,18,105.53037
-1.0,18,105.56771
0.0,18,105.603977
4.0,18,105.643475
-2.0,18,105.682187
-1.0,20,105.723501
-4.0,18,105.762133
3.0,18,105.797792
2.0,21,105.842785
1.0,19,105.87396
-2.0,18,106.42416
1.0,21,106.468111
0.0,18,106.501672
-3.0,20,106.54247
-1.0,22,106.589529
2.0,18,106.632079
-2.0,21,106.678068
-1.0,18,106.715478
0.0,18,106.754796
-2.0,20,106.796228
2.0,22,106.843702
-1.0,20,106.882068
5.0,20,106.923036
0.0,22,107.482017
-2.0,18,108.07935
4.0,21,108.122476
-3.0,19,108.158439
-3.0,18,108.199647
-3.0,18,108.232401
-1.0,21,108.278211
-1.0,18,108.309908
0.0,20,108.358274
-4.0,18,108.394901
5.0,18,108.4324
4.0,19,108.472452
4.0,20,108.510936
2.0,20,108.553271
3.0,20,109.108236
4.0,20,109.141523
-1.0,18,109.186029
-3.0,19,109.226007
-2.0,18,109.262432
1.0,18,109.294157
3.0,18,109.339158
3.0,18,109.373664
-7.0,18,109.416511
-4.0,18,109.456222
-1.0,22,109.495418
-4.0,20,109.539235
-2.0,18,109.574245
0.0,18,110.12242
-4.0,18,110.159622
-4.0,18,110.201412
-5.0,18,110.239075
-4.0,18,110.275148
-3.0,18,110.312432
-2.0,19,110.344368
2.0,18,110.393385
1.0,20,110.438096
-2.0,18,110.472403
0.0,18,110.511891
-2.0,20,110.543695
4.0,20,110.591131
2.0,20,110.632797
4.0,23,111.202728
1.0,18,111.239258
4.0,20,111.281477
1.0,20,111.317736
-1.0,18,111.358021
0.0,18,111.396214
-4.0,18,111.435819
-3.0,18,111.47471
3.0,23,111.517933
0.0,20,111.560091
-2.0,18,111.591567
-1.0,20,111.638918
-1.0,18,111.672057
-1.0,20,112.219568
-2.0,18,112.258165
3.0,18,112.292727
1.0,20,112.332305
2.0,18,112.372272
2.0,20,112.415942
-1.0,18,112.454532
-4.0,18,112.489182
0.0,18,112.528685
-3.0,18,112.561551
-4.0,18,112.592474
4.0,18,112.640258
5.0,18,112.678631
-4.0,19,112.722046
0.0,18,113.272408
2.0,18,113.308122
-2.0,20,113.346643
0.0,18,113.390984
-2.0,20,113.435447
2.0,20,113.472324
-4.0,18,113.51396
-2.0,20,113.545434
-3.0,18,113.593005
4.0,21,113.632526
2.0,18,113.672932
0.0,18,113.708245
2.0,18,113.749068
3.0,18,113.786724
-4.0,18,114.339173
-1.0,21,114.387413
3.0,18,114.424213
4.0,20,114.467814
-4.0,18,114.496636
2.0,21,114.544131
-2.0,18,114.582283
2.0,19,114.618057
2.0,18,114.65811
-5.0,20,114.691716
-2.0,18,114.740679
0.0,18,114.780916
2.0,20,114.81799
1.0,20,115.36815
-4.0,18,115.407272
0.0,18,115.44765
0.0,18,115.482031
0.0,21,115.530773
5.0,18,115.567821
2.0,22,115.608332
-4.0,18,115.649641
-6.0,18,115.686968
1.0,18,115.724612
0.0,18,115.764611
1.0,21,115.810636
-4.0,21,115.847121
4.0,21,116.385045
2.0,20,116.430886
3.0,22,116.47241
4.0,21,116.518652
2.0,20,116.558184
-2.0,18,116.59788
4.0,20,116.638955
-4.0,18,116.67746
-2.0,18,116.708754
-2.0,21,116.76059
4.0,18,116.798609
1.0,18,116.833022
4.0,18,116.872332
-2.0,18,116.9109
3.0,23,117.482274
0.0,19,117.52231
2.0,18,117.558157
0.0,18,117.597644
-2.0,20,117.638972
4.0,25,117.693287
-4.0,18,117.730588
4.0,20,117.77432
-4.0,18,117.808321
0.0,18,117.848819
0.0,18,117.882155
-3.0,20,117.922442
0.0,18,117.959852
-1.0,19,118.50197
-2.0,18,118.539197
-5.0,20,118.581739
-1.0,18,118.61788
-4.0,20,118.6608
1.0,18,118.691838
2.0,18,118.738128
-3.0,18,118.776961
3.0,18,118.808326
1.0,20,118.858607
-2.0,20,118.894948
2.0,19,118.9393
-4.0,18,118.973018
-3.0,18,119.007981
1.0,21,119.589162
-3.0,18,119.628302
-5.0,18,119.660582
-1.0,18,119.691992
0.0,18,119.739638
0.0,19,119.780588
1.0,18,119.818537
-1.0,18,119.858007
1.0,20,119.896866
1.0,22,119.943846
-1.0,18,119.982242
5.0,21,120.025706
3.0,19,120.066784
0.0,18,120.617929
2.0,20,120.658066
1.0,23,120.702374
-4.0,21,120.753893
0.0,20,120.794652
-1.0,18,120.831947
1.0,18,120.86773
3.0,21,120.908322
3.0,18,120.943973
-1.0,18,120.986019
-1.0,18,121.02246
-2.0,18,121.062401
-3.0,18,121.095509
-3.0,23,121.632363
0.0,18,121.674991
0.0,18,121.708382
5.0,21,121.758209
-1.0,18,121.797784
3.0,18,121.833808
6.0,18,121.868041
-1.0,18,121.896556
4.0,21,121.950903
-2.0,18,121.985914
-4.0,18,122.028427
2.0,18,122.066653
0.0,21,122.111115
0.0,18,122.143038
5.0,18,122.693604
-4.0,18,122.736902
-2.0,18,122.776397
2.0,18,122.812884
-2.0,18,122.850387
3.0,20,122.889036
-2.0,18,122.929362
2.0,18,122.96075
0.0,20,123.008934
1.0,18,123.049321
5.0,20,123.090436
-4.0,18,123.130521
-2.0,18,123.167963
-4.0,18,123.202571
-1.0,18,123.776636
1.0,18,123.808257
0.0,19,123.85055
-2.0,18,123.889068
-2.0,21,123.932298
0.0,22,123.976198
-2.0,18,124.016093
1.0,20,124.056746
-1.0,18,124.093614
0.0,23,124.144027
-3.0,18,124.182106
-4.0,18,124.22235
1.0,18,124.258245
2.0,18,124.808094
-2.0,20,124.846017
3.0,18,124.883567
-2.0,18,124.92203
0.0,18,124.958127
3.0,18,124.994734
0.0,19,125.043053
4.0,18,125.081352
3.0,18,125.132041
5.0,18,125.180452
-3.0,18,125.233388
-1.0,18,125.282067
1.0,18,125.322411
0.0,18,125.369801
2.0,18,126.024439
3.0,20,126.076104
-2.0,18,126.127409
-4.0,18,126.181384
0.0,18,126.224895
0.0,20,126.268158
-2.0,20,126.308235
-1.0,19,126.358593
-3.0,18,126.408304
2.0,18,126.462205
-2.0,18,126.508262
4.0,18,126.552208
2.0,19,126.614064
2.0,18,126.658451
5.0,18,127.316833
0.0,20,127.358033
0.0,18,127.410608
-6.0,18,127.455464
1.0,20,127.489356
4.0,18,127.532098
2.0,20,127.572354
5.0,18,127.608325
3.0,20,127.648117
2.0,18,127.688988
0.0,18,127.730766
0.0,18,127.769239
-1.0,21,127.808003
0.0,20,128.36008
0.0,18,128.397694
-2.0,18,128.440665
4.0,18,128.481554
1.0,21,128.525034
-3.0,18,128.572501
2.0,20,128.625617
-4.0,18,128.679645
-1.0,20,128.728657
0.0,21,128.785068
0.0,19,128.829051
-4.0,18,128.867295
4.0,19,128.910409
3.0,18,128.946458
-3.0,18,129.54234
4.0,20,129.589182
0.0,18,129.622059
-3.0,18,129.658031
3.0,20,129.706272
3.0,18,129.74315
1.0,20,129.787304
4.0,18,129.824012
4.0,18,129.858051
-4.0,18,129.891585
3.0,18,129.933971
-3.0,18,129.976192
-5.0,18,130.014431
-4.0,18,130.053982
3.0,18,130.601697
4.0,18,130.639019
-4.0,18,130.679534
2.0,20,130.71785
0.0,20,130.765276
3.0,18,130.802827
0.0,18,130.839176
-2.0,21,130.88193
1.0,18,130.92249
4.0,18,130.965343
-1.0,20,131.012265
4.0,18,131.054532
3.0,18,131.091368
3.0,20,131.132318
4.0,19,131.689016
4.0,21,131.734217
-2.0,18,131.772519
1.0,20,131.808126
-3.0,20,131.855937
-3.0,18,131.889331
1.0,18,131.932366
3.0,18,131.967994
5.0,26,132.025516
-1.0,20,132.069308
3.0,18,132.0999
1.0,20,132.146332
4.0,18,132.182898
-2.0,18,132.722233
5.0,18,132.763385
4.0,19,132.793511
2.0,18,132.834514
3.0,18,132.872457
-2.0,18,132.908334
4.0,22,132.95806
3.0,18,132.998245
3.0,23,133.052161
0.0,23,133.100291
-4.0,18,133.13911
-5.0,18,133.173475
0.0,21,133.222391
-3.0,18,133.779223
3.0,18,133.80983
-5.0,20,133.857379
2.0,21,133.899449
2.0,18,133.936552
0.0,20,133.972526
1.0,18,134.008237
4.0,18,134.053293
-4.0,18,134.091299
5.0,22,134.139225
6.0,18,134.173967
5.0,20,134.21774
1.0,18,134.253294
3.0,18,134.794929
-1.0,18,134.842124
3.0,21,134.884094
-2.0,20,134.922062
-4.0,20,134.969468
3.0,22,135.017052
-1.0,19,135.056323
1.0,18,135.094669
2.0,20,135.132461
-3.0,18,135.172269
0.0,18,135.208178
-2.0,18,135.243744
0.0,18,135.28424
-5.0,22,135.330855
-4.0,20,135.892443
-3.0,18,135.93563
-2.0,18,135.972292
2.0,20,136.008064
2.0,18,136.05262
0.0,18,136.091347
-2.0,18,136.127209
0.0,18,136.16358
1.0,18,136.204269
1.0,18,136.242891
1.0,18,136.274241
1.0,20,136.318119
0.0,19,136.358059
-3.0,18,136.951569
1.0,18,136.989028
-2.0,18,137.029541
-2.0,18,137.069722
0.0,18,137.10183
2.0,18,137.139209
-4.0,20,137.184829
1.0,19,137.222085
-4.0,18,137.260969
3.0,18,137.293499
4.0,18,137.335311
-4.0,18,137.372352
1.0,21,137.418967
1.0,20,137.461841
2.0,18,137.995367
-3.0,21,138.046219
-3.0,20,138.088908
4.0,18,138.127255
4.0,18,138.163738
3.0,18,138.201326
-4.0,21,138.242434
0.0,21,138.285464
0.0,20,138.330471
0.0,18,138.367764
-4.0,18,138.40637
0.0,18,138.444483
2.0,20,138.485423
0.0,18,138.522063
-2.0,18,139.070056
-4.0,18,139.108452
4.0,19,139.149528
-4.0,18,139.187478
-1.0,18,139.222616
1.0,20,139.260023
-4.0,18,139.291726
0.0,20,139.33899
3.0,20,139.385187
-2.0,18,139.42473
-1.0,18,139.462763
-3.0,18,139.493591
-1.0,18,139.538938
0.0,18,140.078471
4.0,18,140.10818
1.0,21,140.149614
4.0,20,140.19686
-3.0,18,140.239344
0.0,18,140.276239
-3.0,19,140.318463
0.0,18,140.349594
-4.0,20,140.395292
3.0,20,140.439369
0.0,18,140.478878
-3.0,18,140.510849
0.0,18,140.552735
1.0,18,140.589958
-4.0,18,141.134737
-3.0,18,141.17223
4.0,18,141.208152
3.0,23,141.261452
3.0,24,141.308352
5.0,18,141.347588
3.0,21,141.391867
-2.0,18,141.430523
-3.0,20,141.472362
2.0,22,141.52115
4.0,18,141.558314
-6.0,18,141.593359
0.0,20,141.637204
-4.0,20,142.17206
1.0,18,142.214839
2.0,20,142.248184
-4.0,21,142.29545
-3.0,18,142.332142
-1.0,21,142.380694
1.0,20,142.423934
4.0,18,142.463438
-2.0,20,142.495204
-1.0,21,142.542689
-1.0,19,142.58676
4.0,18,142.622192
4.0,20,142.658335
-4.0,18,143.208236
3.0,20,143.248986
4.0,19,143.289
-3.0,20,143.328626
0.0,21,143.372189
2.0,18,143.412845
-1.0,23,143.461514
-2.0,18,143.497682
4.0,18,143.532791
-3.0,18,143.572459
-2.0,18,143.608098
2.0,24,143.660267
4.0,18,143.697616
-1.0,18,144.251778
3.0,18,144.288961
-3.0,19,144.328195
2.0,18,144.367718
-1.0,18,144.403724
-2.0,20,144.447032
2.0,24,144.496294
-1.0,18,144.534228
1.0,21,144.576496
4.0,18,144.608755
-1.0,18,144.655206
4.0,20,144.68891
-2.0,20,144.739844
-4.0,18,144.780462
2.0,18,145.328192
4.0,19,145.368097
4.0,22,145.416731
-1.0,22,145.463692
2.0,18,145.497165
0.0,18,145.5392
0.0,18,145.576176
-4.0,21,145.617983
-3.0,18,145.65831
-1.0,18,145.689168
4.0,18,145.737186
0.0,18,145.775993
2.0,18,145.814866
0.0,18,146.343405
1.0,20,146.385032
3.0,18,146.425733
-4.0,18,146.462813
3.0,21,146.497149
3.0,18,146.544501
-2.0,18,146.582211
-3.0,18,146.617813
-2.0,18,146.655124
4.0,18,146.689578
1.0,18,146.732783
-1.0,23,146.780502
2.0,18,146.817729
-3.0,18,146.847062
0.0,20,147.425128
-4.0,19,147.464578
4.0,24,147.513084
-2.0,18,147.544777
4.0,18,147.586722
3.0,18,147.62411
-2.0,18,147.657973
0.0,18,147.692787
-2.0,18,147.739634
0.0,23,147.789603
0.0,18,147.824816
-4.0,20,147.868088
-2.0,18,147.904552
0.0,18,148.472229
-4.0,18,148.50818
-4.0,20,148.550854
-4.0,18,148.591495
3.0,21,148.632075
-5.0,19,148.679787
1.0,20,148.720191
-4.0,21,148.764613
2.0,20,148.800277
-4.0,18,148.838984
2.0,19,148.882065
0.0,18,148.922167
0.0,18,148.958756
1.0,20,149.005324
-2.0,18,149.561067
-1.0,18,149.595741
5.0,20,149.639926
1.0,20,149.682326
7.0,18,149.720363
-3.0,19,149.760859
-3.0,23,149.808293
5.0,18,149.846966
-4.0,18,149.882298
5.0,20,149.926455
1.0,18,149.958122
4.0,20,150.005124
-1.0,18,150.043732
-3.0,21,150.60832
4.0,19,150.642497
1.0,18,150.682179
-4.0,18,150.72329
-3.0,18,150.760498
2.0,18,150.796354
2.0,22,150.839053
-4.0,25,150.892075
4.0,18,150.9263
2.0,20,150.968149
-3.0,21,151.008299
-4.0,18,151.055208
-5.0,18,151.093309
3.0,20,151.659819
0.0,19,151.697942
2.0,21,151.749332
3.0,21,151.795883
2.0,18,151.832145
4.0,18,151.868039
4.0,21,151.912276
-1.0,18,151.943642
0.0,18,151.985127
-2.0,18,152.018092
-3.0,18,152.059022
-4.0,18,152.094931
-6.0,20,152.132265
-4.0,18,152.172374
-1.0,18,152.71253
-5.0,18,152.756945
3.0,18,152.796388
0.0,18,152.831985
0.0,18,152.87328
-3.0,20,152.913678
0.0,18,152.952888
-4.0,19,152.989027
-1.0,18,153.031671
1.0,18,153.0703
0.0,18,153.094786
-4.0,18,153.141857
1.0,18,153.180566
0.0,18,153.218035
-3.0,18,153.754772
4.0,20,153.796126
4.0,18,153.832179
-2.0,18,153.867855
-3.0,18,153.895688
-1.0,21,153.949566
-1.0,20,153.99
-2.0,20,154.035084
3.0,18,154.072069
3.0,19,154.110888
-4.0,18,154.15034
-1.0,18,154.184803
-3.0,18,154.222804
4.0,18,154.776084
0.0,18,154.808212
-3.0,18,154.85043
3.0,18,154.882283
-1.0,18,154.922436
0.0,18,154.960667
0.0,18,154.99519
0.0,18,155.035647
-4.0,19,155.076597
2.0,18,155.112905
0.0,18,155.143535
4.0,18,155.190558
-4.0,18,155.222601
-1.0,18,155.264616
0.0,18,155.824304
1.0,18,155.865204
-5.0,18,155.896177
1.0,18,155.938913
-1.0,19,155.97572
-3.0,18,156.018158
4.0,18,156.058566
-5.0,18,156.096499
-3.0,18,156.141944
5.0,18,156.189341
4.0,20,156.236773
-4.0,18,156.272443
-2.0,18,156.308132
1.0,20,156.34719
1.0,18,156.898431
-2.0,18,156.931983
4.0,18,156.972035
3.0,18,157.009947
-2.0,18,157.050847
2.0,18,157.09023
-1.0,20,157.13218
2.0,18,157.168122
-1.0,18,157.208218
3.0,20,157.23917
-3.0,18,157.28927
-4.0,18,157.322024
-1.0,18,157.365805
-2.0,18,157.403095
-1.0,18,157.961633
1.0,21,157.996632
3.0,20,158.048698
5.0,18,158.087011
-5.0,18,158.122215
4.0,23,158.172273
-2.0,18,158.208418
0.0,18,158.23951
-3.0,18,158.282037
0.0,18,158.318543
1.0,18,158.358279
-4.0,18,158.398529
2.0,18,158.439332
1.0,18,158.472453
3.0,21,159.032549
0.0,18,159.068984
-2.0,18,159.097662
-1.0,20,159.144596
-4.0,18,159.182252
0.0,18,159.223734
-4.0,18,159.258311
-1.0,18,159.297153
-3.0,18,159.334663
-2.0,20,159.372183
0.0,20,159.421667
2.0,18,159.45822
2.0,24,159.508089
1.0,18,160.048748
0.0,18,160.086729
-2.0,18,160.122489
4.0,20,160.159946
3.0,18,160.201276
0.0,18,160.239022
-2.0,18,160.272295
2.0,18,160.308172
2.0,20,160.349393
1.0,26,160.408347
-3.0,20,160.450392
1.0,18,160.483675
-1.0,18,160.525988
4.0,18,160.558241
-4.0,20,161.117973
0.0,19,161.155214
-2.0,19,161.192193
1.0,18,161.234652
-4.0,20,161.272107
-1.0,18,161.308126
4.0,19,161.351482
-1.0,20,161.392459
-2.0,18,161.431286
2.0,20,161.472365
2.0,18,161.508247
-1.0,18,161.546256
2.0,20,161.583267
4.0,18,162.132011
-5.0,18,162.177235
0.0,19,162.218014
2.0,18,162.255942
1.0,18,162.293066
4.0,18,162.33053
-1.0,19,162.372316
2.0,20,162.413846
0.0,18,162.450197
4.0,18,162.481933
-4.0,18,162.522461
1.0,18,162.560987
-3.0,20,162.600437
4.0,22,162.647948
0.0,18,163.189285
2.0,20,163.230574
-2.0,18,163.268152
1.0,18,163.303077
-4.0,18,163.338957
0.0,18,163.381343
2.0,18,163.42006
0.0,18,163.455911
-4.0,24,163.501681
4.0,22,163.543315
0.0,18,163.585614
-3.0,20,163.626229
2.0,25,163.679069
-2.0,18,164.218228
1.0,21,164.258094
-3.0,18,164.290137
0.0,18,164.338161
0.0,18,164.372347
-2.0,21,164.419127
3.0,24,164.468005
1.0,18,164.504931
5.0,22,164.552501
0.0,18,164.59074
2.0,18,164.627842
4.0,19,164.667697
0.0,20,164.710351
-4.0,20,165.256096
5.0,20,165.289145
1.0,20,165.336829
-4.0,18,165.372219
-4.0,18,165.415012
2.0,18,165.451901
4.0,18,165.489126
-1.0,20,165.531327
3.0,18,165.570016
0.0,18,165.606744
-1.0,18,165.639189
4.0,22,165.68916
-3.0,20,165.722266
-2.0,18,165.766358
2.0,19,166.308304
1.0,18,166.339159
-1.0,20,166.389318
2.0,18,166.429231
4.0,20,166.469801
5.0,20,166.508212
-4.0,18,166.538927
-5.0,18,166.589166
3.0,18,166.62228
2.0,20,166.666259
4.0,18,166.704847
-4.0,18,166.743741
4.0,21,166.786387
0.0,18,167.314338
-1.0,18,167.35169
-4.0,18,167.39064
-4.0,22,167.43802
4.0,20,167.480648
-4.0,18,167.518195
5.0,18,167.555183
0.0,18,167.588915
-2.0,20,167.632455
4.0,18,167.672276
-1.0,18,167.708288
3.0,18,167.75082
-3.0,18,167.78897
-2.0,20,167.831976
-4.0,20,168.387603
1.0,18,168.42607
4.0,18,168.463934
4.0,18,168.492214
4.0,20,168.539933
1.0,20,168.582158
4.0,23,168.631421
-4.0,18,168.668025
-2.0,18,168.7051
0.0,20,168.748601
-1.0,18,168.787615
-3.0,18,168.822187
0.0,20,168.85882
-2.0,18,169.406244
4.0,18,169.445302
0.0,18,169.481981
2.0,18,169.518272
-2.0,18,169.556041
-2.0,18,169.589347
-4.0,18,169.63065
-3.0,18,169.65814
4.0,18,169.698798
2.0,18,169.741236
4.0,22,169.785815
-1.0,18,169.822133
1.0,21,169.85839
3.0,21,169.90842
3.0,20,170.461502
-1.0,18,170.491996
-3.0,18,170.53436
3.0,19,170.572194
-4.0,18,170.607977
2.0,21,170.65798
2.0,22,170.70818
-1.0,18,170.746357
2.0,20,170.787601
-4.0,18,170.82219
-1.0,18,170.858066
-1.0,18,170.900142
-1.0,18,170.932316
-1.0,18,170.972221
0.0,19,171.572523
-3.0,21,171.618086
-5.0,25,171.658395
-1.0,18,171.699566
-2.0,18,171.744158
3.0,18,171.782015
4.0,18,171.817881
4.0,20,171.858116
-2.0,20,171.905292
3.0,18,171.941579
0.0,21,171.983706
4.0,18,172.022098
-1.0,18,172.062152
3.0,18,172.603965
1.0,18,172.639186
-4.0,18,172.680291
-4.0,18,172.717731
1.0,18,172.757857
2.0,18,172.796284
2.0,20,172.832237
-3.0,24,172.882322
3.0,18,172.918067
-4.0,18,172.956328
3.0,19,172.989294
-4.0,18,173.032064
4.0,18,173.072822
5.0,18,173.109565
-2.0,19,173.650522
0.0,18,173.693455
0.0,20,173.750519
4.0,18,173.790597
1.0,18,173.832007
0.0,18,173.872512
-4.0,18,173.910167
3.0,18,173.958003
-4.0,18,174.008382
-1.0,18,174.055649
4.0,20,174.10816
0.0,18,174.142782
-2.0,18,174.182312
4.0,22,174.812388
-2.0,18,174.846483
-4.0,18,174.892529
-2.0,18,174.932454
1.0,18,174.972584
-3.0,20,175.028846
-4.0,20,175.074437
4.0,19,175.112352
4.0,19,175.150299
1.0,20,175.199574
1.0,24,175.261993
3.0,18,175.299716
4.0,18,175.341856
2.0,19,175.388253
1.0,19,175.972379
-3.0,18,176.01224
3.0,20,176.056047
0.0,21,176.10126
-2.0,18,176.139158
4.0,19,176.17716
4.0,20,176.222375
3.0,21,176.265796
-3.0,18,176.293862
2.0,19,176.341583
4.0,21,176.383879
-1.0,20,176.428036
4.0,18,176.46386
2.0,18,177.085052
-2.0,18,177.122342
4.0,18,177.172507
-2.0,18,177.2134
-1.0,18,177.258517
-2.0,18,177.313709
2.0,18,177.34321
-3.0,19,177.388995
-4.0,18,177.430416
1.0,18,177.468138
0.0,21,177.512072
0.0,18,177.548896
3.0,18,177.58642
2.0,18,177.623933
2.0,18,178.16969
-4.0,18,178.208417
0.0,24,178.258224
0.0,22,178.296035
4.0,22,178.343592
3.0,18,178.382123
-1.0,20,178.428914
-5.0,18,178.464431
4.0,18,178.496337
0.0,18,178.539311
5.0,18,178.576288
0.0,18,178.613999
2.0,18,178.654067
-4.0,20,179.218695
5.0,21,179.258244
0.0,20,179.297138
0.0,18,179.338997
-1.0,18,179.375799
-3.0,21,179.424345
3.0,21,179.468055
0.0,18,179.508312
0.0,20,179.544511
-3.0,18,179.588961
3.0,21,179.631579
-4.0,18,179.658236
0.0,18,179.706366
2.0,18,180.238934
-3.0,18,180.2723
2.0,19,180.318093
2.0,20,180.358202
-2.0,18,180.397226
1.0,18,180.435447
0.0,19,180.47237
-1.0,19,180.514523
-2.0,20,180.559217
-3.0,19,180.590651
-3.0,18,180.632144
-2.0,18,180.672216
0.0,18,180.708346
-4.0,18,180.749832
-4.0,18,181.294079
2.0,18,181.331952
-2.0,18,181.367752
-3.0,18,181.412427
2.0,18,181.451442
-1.0,19,181.489363
2.0,20,181.53218
0.0,18,181.572103
1.0,18,181.603199
1.0,24,181.658283
3.0,18,181.692706
3.0,18,181.739817
-4.0,20,181.782213
-2.0,21,181.824356
2.0,19,182.373131
-1.0,18,182.412204
-2.0,18,182.451099
2.0,19,182.489025
0.0,20,182.531147
-4.0,18,182.567848
-2.0,18,182.602291
1.0,18,182.639996
6.0,20,182.682589
-2.0,20,182.726568
-4.0,18,182.765181
-4.0,18,182.801161
4.0,18,182.839276
-1.0,18,183.395703
-1.0,20,183.439904
4.0,24,183.4892
-3.0,20,183.530716
0.0,21,183.572187
4.0,20,183.608053
3.0,21,183.658271
0.0,22,183.704576
0.0,18,183.744331
6.0,20,183.787788
1.0,20,183.82548
0.0,19,183.867948
2.0,18,183.894452
5.0,18,184.451005
-1.0,19,184.489009
-1.0,18,184.527228
5.0,20,184.570828
3.0,18,184.60821
-1.0,20,184.643579
4.0,21,184.696626
4.0,21,184.739986
0.0,18,184.776876
-4.0,18,184.810954
-2.0,18,184.847017
-4.0,18,184.881937
2.0,18,184.9259
-4.0,18,184.957999
2.0,18,185.507991
3.0,21,185.547943
4.0,20,185.595594
-4.0,18,185.632337
0.0,20,185.674324
3.0,18,185.708007
4.0,21,185.760792
-3.0,20,185.80072
-3.0,18,185.839198
-1.0,20,185.882281
6.0,18,185.918601
-1.0,20,185.959186
-3.0,23,186.008401
-4.0,18,186.555033
0.0,20,186.59528
1.0,22,186.64309
-3.0,18,186.682244
-2.0,18,186.719314
-4.0,18,186.759682
-2.0,19,186.801155
-3.0,20,186.839317
-2.0,20,186.882293
-2.0,18,186.919866
-3.0,18,186.944552
4.0,21,186.992219
0.0,18,187.037225
-1.0,18,187.588951
2.0,18,187.628681
4.0,18,187.660485
-1.0,18,187.701774
4.0,18,187.741005
1.0,18,187.780511
-3.0,18,187.817992
4.0,18,187.848302
2.0,18,187.889265
3.0,18,187.922244
2.0,18,187.958742
1.0,20,187.996816
2.0,18,188.041688
4.0,22,188.088187
0.0,23,188.643852
1.0,21,188.691875
4.0,20,188.740985
-4.0,18,188.780434
4.0,18,188.818245
-3.0,19,188.852267
3.0,18,188.889028
-4.0,19,188.931498
-4.0,18,188.961204
-2.0,21,189.008931
3.0,18,189.049413
-4.0,20,189.093615
-1.0,18,189.132262
-4.0,18,189.676791
0.0,18,189.708281
2.0,18,189.755734
1.0,18,189.795684
-3.0,18,189.832196
-3.0,18,189.867706
-6.0,18,189.908096
1.0,18,189.939324
0.0,18,189.981203
4.0,20,190.018114
3.0,18,190.058598
4.0,18,190.094815
-3.0,18,190.132252
-3.0,20,190.176553
-2.0,18,190.737347
1.0,18,190.779678
2.0,20,190.824661
-4.0,21,190.868104
-4.0,20,190.908361
4.0,23,190.958241
-1.0,22,190.992218
0.0,18,191.04038
-1.0,18,191.078157
0.0,18,191.111633
0.0,20,191.143328
-4.0,18,191.189753
-4.0,20,191.239218
0.0,18,191.28155
2.0,20,191.881926
-3.0,18,191.917722
-4.0,18,191.958236
-1.0,21,192.00243
3.0,18,192.042444
-3.0,18,192.079425
1.0,18,192.111607
-4.0,22,192.161269
0.0,21,192.201015
-4.0,18,192.239336
-1.0,18,192.272139
4.0,18,192.317752
-3.0,18,192.348229
-4.0,18,192.902871
1.0,18,192.939302
-1.0,18,192.972135
-3.0,18,193.010444
0.0,18,193.052896
-2.0,18,193.0894
1.0,22,193.132318
2.0,20,193.176213
1.0,18,193.208215
-3.0,18,193.239653
3.0,18,193.289077
-1.0,20,193.325836
3.0,18,193.36815
-1.0,18,193.408198
-2.0,18,193.946217
4.0,20,193.993402
1.0,20,194.035256
-4.0,21,194.08056
0.0,18,194.11782
4.0,18,194.14581
2.0,18,194.189828
1.0,18,194.232257
4.0,18,194.268336
-3.0,18,194.308031
1.0,18,194.33937
-5.0,20,194.386211
-2.0,19,194.425445
0.0,20,194.9583
4.0,18,194.99165
3.0,21,195.041371
4.0,18,195.080829
-4.0,22,195.127403
0.0,20,195.168082
4.0,18,195.203306
2.0,18,195.241005
-3.0,18,195.281192
-2.0,20,195.319478
0.0,18,195.35081
2.0,20,195.399928
1.0,21,195.44366
-1.0,18,195.478276
-2.0,19,196.037688
0.0,18,196.078832
0.0,20,196.118155
2.0,21,196.16364
-4.0,20,196.202296
3.0,18,196.240059
-1.0,18,196.281883
3.0,19,196.319737
-2.0,18,196.358239
4.0,18,196.396261
-3.0,18,196.435752
0.0,18,196.472089
4.0,18,196.508413
-2.0,22,197.05276
2.0,18,197.090899
3.0,18,197.122097
4.0,21,197.168112
-1.0,18,197.203129
0.0,18,197.239149
0.0,19,197.282316
-1.0,20,197.32442
0.0,19,197.358403
2.0,18,197.403219
-2.0,18,197.442092
0.0,18,197.480773
-5.0,18,197.517689
-1.0,18,197.553776
4.0,19,198.109063
-1.0,18,198.146179
4.0,21,198.193551
2.0,20,198.235821
4.0,23,198.282342
1.0,20,198.322214
-4.0,20,198.368013
-4.0,18,198.406868
-4.0,18,198.444479
0.0,18,198.48186
4.0,21,198.522287
5.0,18,198.558136
0.0,20,198.601705
3.0,18,199.162338
-2.0,18,199.193959
0.0,18,199.236419
4.0,20,199.274138
1.0,21,199.317951
4.0,18,199.358211
3.0,20,199.400519
-2.0,18,199.44008
3.0,18,199.474722
3.0,18,199.512755
1.0,18,199.553835
-3.0,19,199.589002
-6.0,18,199.627833
-2.0,18,199.658178
-1.0,24,200.225867
-2.0,18,200.258297
3.0,20,200.299573
-4.0,20,200.341419
1.0,18,200.380818
0.0,18,200.417884
-4.0,18,200.45815
4.0,18,200.490962
-2.0,18,200.531418
-2.0,22,200.572289
-4.0,18,200.608397
0.0,20,200.654481
0.0,18,200.691031
-5.0,18,201.241978
-2.0,20,201.282279
4.0,18,201.32447
4.0,20,201.358339
1.0,18,201.403299
4.0,19,201.443191
-3.0,22,201.489391
-4.0,18,201.523233
0.0,18,201.562894
-3.0,18,201.602579
0.0,20,201.643544
4.0,18,201.681613
4.0,18,201.718081
2.0,20,201.761864
-4.0,20,202.31426
0.0,18,202.351837
0.0,18,202.395801
1.0,21,202.44053
-4.0,18,202.475782
-1.0,20,202.517726
-4.0,18,202.555004
0.0,18,202.589362
4.0,18,202.628068
3.0,19,202.667966
6.0,18,202.708197
0.0,20,202.753213
-2.0,18,202.793018
3.0,18,203.332535
4.0,20,203.372407
0.0,22,203.423249
-2.0,18,203.461038
4.0,18,203.4918
4.0,20,203.539295
-3.0,20,203.581494
-4.0,18,203.608362
4.0,18,203.649943
-2.0,18,203.691199
3.0,20,203.740545
1.0,18,203.778861
-4.0,18,203.809515
0.0,18,203.851383
-4.0,18,204.41233
2.0,18,204.450216
3.0,18,204.486552
-4.0,18,204.523998
2.0,18,204.558254
2.0,20,204.602432
-1.0,21,204.644012
-2.0,21,204.698855
0.0,21,204.745804
2.0,18,204.784211
0.0,18,204.820055
-4.0,21,204.858318
1.0,18,204.899307
4.0,20,205.441241
2.0,20,205.482147
-2.0,18,205.522258
-4.0,18,205.558286
1.0,18,205.592136
0.0,18,205.631228
0.0,20,205.672147
4.0,18,205.717982
5.0,20,205.762138
-1.0,18,205.801238
-4.0,18,205.839195
-4.0,18,205.873532
4.0,19,205.90817
3.0,18,205.952173
1.0,18,206.503853
-4.0,21,206.552297
2.0,18,206.58996
4.0,20,206.631795
1.0,20,206.672204
3.0,18,206.708395
4.0,18,206.749691
3.0,19,206.789041
2.0,18,206.82215
4.0,18,206.862196
1.0,18,206.900295
-2.0,18,206.939342
-3.0,18,206.972178
2.0,19,207.016965
1.0,18,207.632032
-5.0,18,207.667962
-1.0,18,207.708277
-4.0,18,207.748844
1.0,20,207.793178
-2.0,18,207.827386
-4.0,18,207.868157
2.0,22,207.908361
0.0,18,207.942863
-2.0,20,207.997738
-1.0,20,208.043552
4.0,18,208.082049
-4.0,18,208.118548
1.0,18,208.158243
-3.0,18,208.699637
2.0,18,208.739331
4.0,19,208.779306
4.0,18,208.812086
4.0,18,208.859338
-3.0,18,208.890738
3.0,20,208.939321
1.0,19,208.981374
3.0,20,209.025578
-3.0,18,209.062825
-4.0,20,209.103227
0.0,20,209.139062
4.0,20,209.18468
4.0,18,209.755938
-3.0,20,209.798197
-4.0,18,209.832383
0.0,20,209.876393
-2.0,20,209.923705
0.0,20,209.967685
-2.0,18,210.008237
-3.0,18,210.050286
-3.0,21,210.094201
-3.0,19,210.135039
0.0,18,210.16801
5.0,18,210.199379
-2.0,18,210.243969
1.0,19,210.282327
-3.0,18,210.832026
2.0,18,210.867716
2.0,18,210.907527
-2.0,18,210.945823
4.0,20,210.987368
-2.0,18,211.027943
-4.0,22,211.075227
4.0,18,211.108418
-1.0,19,211.153774
-3.0,18,211.189362
5.0,18,211.231365
-4.0,18,211.268165
4.0,18,211.295746
0.0,18,211.85709
4.0,20,211.892876
-5.0,18,211.934017
-3.0,18,211.972081
-1.0,18,212.008381
1.0,18,212.04807
-4.0,21,212.091053
-3.0,18,212.122466
-4.0,20,212.169671
4.0,20,212.208187
-4.0,18,212.243259
-3.0,18,212.281915
-5.0,18,212.322955
-2.0,20,212.360463
2.0,18,212.910836
2.0,20,212.95505
6.0,18,212.988924
-4.0,18,213.032067
-4.0,18,213.070917
2.0,18,213.10821
-3.0,18,213.142513
0.0,18,213.181259
0.0,23,213.22606
0.0,19,213.267899
2.0,18,213.296921
4.0,20,213.344314
3.0,18,213.382358
1.0,20,213.428257
0.0,20,213.980407
-4.0,18,214.017936
3.0,19,214.061511
-3.0,18,214.092406
1.0,18,214.131949
3.0,20,214.17228
1.0,18,214.208379
-1.0,21,214.258281
4.0,18,214.289109
4.0,18,214.332995
2.0,18,214.36809
-2.0,20,214.415091
-3.0,18,214.45197
0.0,18,214.995284
5.0,20,215.042058
-3.0,18,215.081525
-5.0,18,215.117754
-5.0,18,215.154936
-3.0,20,215.189107
-2.0,18,215.233827
-2.0,18,215.2677
3.0,18,215.297745
1.0,18,215.345301
-4.0,18,215.38414
1.0,21,215.428181
1.0,20,215.472054
0.0,18,215.508167
0.0,20,216.061391
3.0,18,216.108578
0.0,18,216.149153
5.0,18,216.189504
1.0,20,216.236036
-2.0,18,216.272456
1.0,20,216.314458
-4.0,18,216.346241
4.0,20,216.393961
3.0,20,216.438237
2.0,18,216.472449
-1.0,20,216.525285
0.0,18,216.561131
3.0,18,216.623749
-2.0,18,217.208114
3.0,22,217.258288
0.0,18,217.289167
2.0,18,217.331443
-3.0,18,217.368027
4.0,18,217.406783
0.0,19,217.447966
-2.0,18,217.482834
-4.0,18,217.5243
1.0,18,217.562516
1.0,19,217.601827
-1.0,18,217.639096
-2.0,18,217.672443
-4.0,22,218.222351
-4.0,19,218.258235
-2.0,18,218.298907
0.0,20,218.344529
-4.0,19,218.38344
0.0,18,218.42233
-3.0,18,218.457974
-3.0,20,218.503236
3.0,18,218.541499
4.0,18,218.580451
3.0,20,218.622284
-1.0,18,218.658188
-1.0,20,218.699537
1.0,18,218.738995
-1.0,18,219.277592
4.0,18,219.314988
-2.0,18,219.345866
-4.0,18,219.393301
1.0,18,219.431952
1.0,19,219.472293
-4.0,18,219.508213
-1.0,18,219.547303
-4.0,18,219.581934
3.0,18,219.622384
5.0,23,219.672155
-3.0,18,219.70829
-4.0,18,219.744555
-2.0,18,219.781801
4.0,22,220.342828
-2.0,21,220.386904
3.0,20,220.428915
0.0,18,220.468162
-2.0,18,220.500919
-4.0,20,220.546479
-1.0,18,220.582206
-4.0,21,220.622457
4.0,18,220.66011
-3.0,20,220.70116
-3.0,18,220.743316
-1.0,18,220.781622
0.0,19,220.82231
0.0,18,221.372458
5.0,18,221.409082
-2.0,18,221.447024
4.0,19,221.486547
1.0,18,221.522256
2.0,22,221.572227
-5.0,18,221.608137
-1.0,20,221.647589
0.0,22,221.697381
-3.0,20,221.739478
4.0,20,221.780461
0.0,20,221.822216
-4.0,18,221.863282
0.0,18,222.421229
-4.0,18,222.457979
2.0,21,222.48939
-2.0,18,222.539038
-2.0,18,222.57222
2.0,18,222.614462
1.0,19,222.648867
0.0,18,222.692945
4.0,18,222.72961
4.0,23,222.777227
-2.0,18,222.812414
-4.0,18,222.851385
-1.0,20,222.88938
-3.0,18,222.931981
-5.0,22,223.488964
2.0,18,223.532142
5.0,18,223.568007
4.0,20,223.612378
-4.0,18,223.645151
-2.0,18,223.68733
5.0,21,223.732036
-4.0,18,223.772989
-3.0,18,223.804166
0.0,18,223.843701
-3.0,19,223.882283
2.0,19,223.928204
1.0,20,223.96802
-4.0,19,224.508291
-4.0,18,224.551374
4.0,18,224.589294
1.0,21,224.632029
-4.0,18,224.67214
3.0,20,224.709294
4.0,20,224.755191
1.0,20,224.796724
3.0,18,224.832136
0.0,18,224.867817
-3.0,18,224.908103
-4.0,20,224.945451
2.0,24,224.993235
-4.0,18,225.031764
0.0,19,225.584091
4.0,18,225.621364
0.0,18,225.658113
5.0,18,225.694561
4.0,20,225.738282
2.0,18,225.775638
0.0,18,225.808294
3.0,20,225.851821
3.0,20,225.898067
2.0,20,225.939192
3.0,20,225.981184
-1.0,18,226.017851
2.0,18,226.056497
3.0,20,226.59911
-4.0,18,226.638956
-1.0,18,226.682095
2.0,20,226.725419
-2.0,20,226.768755
2.0,18,226.806085
-7.0,18,226.8446
-1.0,20,226.882396
1.0,20,226.928095
-4.0,21,226.972243
-3.0,18,227.00844
-1.0,20,227.050735
-1.0,18,227.089299
4.0,18,227.122065
2.0,19,227.662471
0.0,20,227.704516
-4.0,21,227.753087
-2.0,18,227.790385
-6.0,20,227.831957
-1.0,19,227.868089
5.0,23,227.918175
4.0,20,227.961626
-4.0,18,227.992837
2.0,20,228.043381
2.0,18,228.083442
4.0,18,228.117985
-4.0,18,228.153971
2.0,18,228.68922
-4.0,20,228.735874
2.0,18,228.77383
4.0,22,228.818063
-2.0,18,228.85119
0.0,18,228.889321
4.0,18,228.923956
1.0,22,228.972264
2.0,18,229.008326
1.0,18,229.047473
0.0,18,229.086513
5.0,18,229.123595
1.0,18,229.161381
0.0,18,229.193046
5.0,18,229.754775
1.0,20,229.797516
1.0,20,229.839312
4.0,20,229.878843
-1.0,23,229.925843
-5.0,18,229.962547
2.0,18,229.994477
2.0,18,230.039244
1.0,18,230.077456
3.0,18,230.113801
4.0,21,230.155222
4.0,18,230.192749
4.0,20,230.234292
-1.0,18,230.773321
-4.0,18,230.80825
3.0,18,230.84704
3.0,20,230.889212
-5.0,18,230.926741
1.0,21,230.97234
-1.0,18,231.010784
3.0,18,231.050287
-4.0,18,231.088979
-4.0,18,231.12419
0.0,18,231.161475
4.0,18,231.202888
0.0,19,231.23929
1.0,18,231.272218
-3.0,18,231.822147
2.0,18,231.858034
3.0,20,231.900867
1.0,19,231.942436
-4.0,18,231.981285
4.0,20,232.022511
3.0,23,232.074327
5.0,21,232.118103
0.0,19,232.158437
3.0,18,232.193914
1.0,18,232.236173
-5.0,21,232.276114
4.0,20,232.319671
-7.0,18,232.874774
-1.0,20,232.908381
0.0,18,232.951427
7.0,18,232.99105
-5.0,23,233.041115
2.0,18,233.080683
-4.0,20,233.122285
1.0,20,233.16256
0.0,18,233.19935
-4.0,18,233.239233
-2.0,18,233.274137
4.0,20,233.317735
-3.0,18,233.352982
-4.0,20,233.902077
2.0,20,233.944057
0.0,18,233.982327
-2.0,18,234.017925
0.0,18,234.05961
2.0,19,234.099502
-2.0,18,234.132284
-2.0,21,234.181355
0.0,18,234.222116
1.0,18,234.258876
-3.0,18,234.296873
-1.0,20,234.33643
4.0,18,234.372256
-3.0,21,234.419255
4.0,20,234.972513
1.0,21,235.008427
-2.0,18,235.054854
-2.0,18,235.093351
-4.0,18,235.131363
2.0,18,235.168094
1.0,18,235.204839
-2.0,18,235.238972
2.0,18,235.274316
-5.0,18,235.307975
3.0,18,235.352846
0.0,18,235.391207
-4.0,18,235.428582
0.0,18,235.460172
0.0,18,235.999896
-1.0,19,236.048257
-4.0,18,236.087067
3.0,19,236.122109
-2.0,18,236.15981
2.0,18,236.195412
0.0,18,236.237287
4.0,18,236.274084
0.0,18,236.308316
2.0,20,236.353069
-3.0,20,236.403218
2.0,18,236.489114
3.0,18,236.5239
-5.0,18,236.560252
1.0,18,237.11127
-1.0,18,237.14764
-2.0,21,237.189155
-3.0,20,237.232099
3.0,21,237.27408
0.0,18,237.308449
4.0,18,237.342491
-4.0,18,237.389357
2.0,18,237.426196
5.0,18,237.46085
4.0,21,237.503148
-5.0,18,237.539371
-3.0,18,237.577901
-1.0,18,238.142697
1.0,18,238.18077
-1.0,18,238.218168
0.0,18,238.253709
4.0,20,238.290853
3.0,20,238.339356
-4.0,18,238.372571
-2.0,18,238.415113
0.0,21,238.459368
4.0,24,238.502728
-1.0,20,238.540179
-2.0,18,238.590773
1.0,18,238.635646
4.0,18,238.69425
0.0,18,239.342694
0.0,21,239.398938
5.0,20,239.456221
4.0,18,239.493203
1.0,18,239.539829
2.0,21,239.602816
0.0,18,239.655362
1.0,20,239.702545
-2.0,19,239.751922
1.0,18,239.799263
-1.0,18,239.847297
-4.0,20,239.892141
0.0,20,239.952048
3.0,18,240.63061
3.0,22,240.675695
-4.0,18,240.718114
0.0,19,240.762626
2.0,18,240.817782
3.0,18,240.850181
3.0,20,240.90726
6.0,18,240.952356
-3.0,20,240.993835
4.0,21,241.043577
2.0,18,241.082737
1.0,18,241.120196
0.0,19,241.158185
-4.0,18,241.197549
1.0,21,241.745501
2.0,20,241.786833
-2.0,23,241.837166
-9.0,20,241.874028
-2.0,18,241.917736
4.0,21,241.958313
-4.0,18,242.005894
-1.0,21,242.055569
4.0,18,242.097658
2.0,18,242.149555
-4.0,18,242.202334
-4.0,18,242.239197
-4.0,23,242.302742
1.0,20,242.909298
-3.0,20,242.942294
4.0,18,242.988994
4.0,20,243.034462
-4.0,20,243.07647
-1.0,18,243.108116
1.0,21,243.158208
4.0,18,243.198197
-5.0,20,243.232215
-3.0,18,243.272087
3.0,18,243.309036
-1.0,18,243.340907
2.0,18,243.382608
-3.0,19,243.939203
0.0,18,243.972666
-4.0,18,244.015833
3.0,20,244.061352
-5.0,18,244.09851
1.0,18,244.134975
3.0,18,244.172252
-5.0,20,244.212732
-4.0,18,244.24441
4.0,20,244.292355
-4.0,18,244.332289
2.0,19,244.367795
-4.0,20,244.418802
4.0,18,244.459692
-2.0,18,245.008344
3.0,18,245.051871
-1.0,21,245.094377
0.0,20,245.13277
-4.0,18,245.172363
-3.0,20,245.217785
0.0,20,245.258212
-4.0,20,245.297631
4.0,20,245.338995
3.0,18,245.379425
-3.0,18,245.417122
-4.0,20,245.459497
0.0,18,245.498316
-3.0,18,246.048206
-2.0,18,246.087854
4.0,20,246.131258
-3.0,22,246.172295
-4.0,19,246.20824
-2.0,18,246.249185
3.0,20,246.290986
2.0,20,246.332253
-1.0,20,246.376095
-1.0,18,246.416638
-3.0,22,246.463359
-2.0,18,246.496614
-4.0,18,246.532789
-4.0,18,247.103374
-2.0,18,247.139279
-4.0,18,247.172338
4.0,18,247.208438
-2.0,18,247.253609
-4.0,20,247.296142
2.0,18,247.332702
4.0,18,247.372262
-1.0,18,247.412671
4.0,20,247.455748
4.0,18,247.490677
-1.0,18,247.527854
2.0,25,247.575813
-4.0,21,247.618134
5.0,20,248.18083
0.0,20,248.222059
0.0,18,248.249523
0.0,18,248.291271
-3.0,18,248.330585
-5.0,18,248.36866
-4.0,24,248.420964
0.0,20,248.464094
0.0,19,248.496324
-2.0,18,248.539015
-4.0,18,248.581307
4.0,18,248.617693
2.0,20,248.66009
1.0,18,249.222393
0.0,18,249.269115
-5.0,18,249.308003
-2.0,18,249.344541
2.0,20,249.386311
1.0,26,249.440871
4.0,18,249.47614
-5.0,20,249.522078
-4.0,18,249.559428
-5.0,18,249.59577
-4.0,20,249.639267
3.0,18,249.67968
-5.0,18,249.717347
2.0,18,249.755224
-3.0,20,250.322319
3.0,18,250.361856
-1.0,22,250.410068
-1.0,18,250.450113
-2.0,18,250.484991
0.0,20,250.532061
0.0,18,250.570429
-2.0,18,250.607531
1.0,18,250.639646
-5.0,18,250.682212
0.0,18,250.721476
-1.0,18,250.759198
-4.0,18,250.796663
0.0,18,250.832159
-2.0,20,251.390141
4.0,18,251.429732
0.0,21,251.472157
2.0,23,251.522215
-1.0,18,251.557999
5.0,20,251.592946
2.0,18,251.63899
-3.0,18,251.672718
-1.0,21,251.720879
4.0,19,251.761221
0.0,21,251.799862
-1.0,19,251.841193
-3.0,18,251.878103
-4.0,21,252.429658
3.0,18,252.458108
-1.0,19,252.499689
4.0,18,252.541425
4.0,20,252.582346
-4.0,18,252.622522
3.0,19,252.658209
4.0,18,252.689057
-2.0,18,252.736844
3.0,18,252.776733
4.0,20,252.818183
1.0,18,252.858381
2.0,23,252.904894
2.0,19,253.453856
0.0,18,253.488987
4.0,18,253.531201
4.0,24,253.581223
4.0,20,253.617771
0.0,20,253.658636
5.0,19,253.701136
-4.0,20,253.743055
-3.0,19,253.783422
2.0,23,253.822423
4.0,18,253.862931
3.0,18,253.905083
-4.0,18,253.942927
3.0,20,254.496008
5.0,18,254.532357
2.0,18,254.567759
-4.0,18,254.60831
-2.0,18,254.643861
-1.0,18,254.681213
-4.0,18,254.717932
4.0,18,254.757979
-1.0,18,254.795511
-2.0,18,254.832329
2.0,18,254.868045
-2.0,18,254.90928
-2.0,21,254.953434
1.0,18,254.990341
0.0,18,255.533819
-2.0,20,255.575742
3.0,18,255.61221
2.0,18,255.643866
-1.0,19,255.691283
-5.0,18,255.731296
2.0,18,255.770762
-4.0,20,255.808099
-4.0,19,255.847957
-2.0,18,255.888937
4.0,20,255.931993
5.0,18,255.967957
3.0,18,256.006128
-3.0,18,256.044638
1.0,20,256.581977
0.0,18,256.622067
-4.0,18,256.660312
2.0,18,256.69858
3.0,18,256.735371
7.0,21,256.781329
0.0,18,256.817756
1.0,18,256.849754
-1.0,18,256.891662
1.0,18,256.932001
4.0,18,256.967933
-2.0,18,257.007464
2.0,20,257.049902
-2.0,18,257.086043
-3.0,18,257.639207
3.0,18,257.680638
-6.0,20,257.71781
-1.0,18,257.759884
0.0,19,257.800797
0.0,18,257.83407
5.0,18,257.875528
4.0,18,257.912522
-4.0,18,257.944381
1.0,19,257.991567
0.0,18,258.030066
4.0,18,258.067998
4.0,18,258.095665
2.0,18,258.141749
3.0,18,258.686492
0.0,18,258.724628
2.0,18,258.76261
3.0,18,258.80104
1.0,18,258.83925
1.0,18,258.876303
5.0,18,258.908077
-1.0,18,258.944766
0.0,18,258.986901
-2.0,18,259.027555
-5.0,18,259.066286
4.0,18,259.096967
0.0,18,259.139308
0.0,18,259.176973
-1.0,19,259.718732
2.0,26,259.779419
-5.0,20,259.818991
-1.0,18,259.85843
-2.0,18,259.892625
3.0,19,259.932156
2.0,22,259.980765
4.0,18,260.015988
-2.0,18,260.056417
4.0,18,260.096047
-4.0,20,260.132395
-3.0,18,260.172398
0.0,18,260.208405
-4.0,20,260.765639
3.0,18,260.803363
0.0,20,260.844106
0.0,22,260.889132
3.0,18,260.929014
-3.0,18,260.961335
-2.0,21,261.008779
-3.0,18,261.046509
-3.0,21,261.091169
3.0,18,261.12849
4.0,18,261.167991
-4.0,18,261.191526
0.0,23,261.239162
-1.0,18,261.807049
0.0,18,261.844822
1.0,18,261.881906
-1.0,20,261.92348
-4.0,22,261.972309
0.0,18,262.008902
3.0,18,262.049101
-2.0,18,262.086643
-2.0,18,262.122251
-4.0,20,262.160556
0.0,20,262.202091
4.0,18,262.240512
-1.0,18,262.282165
2.0,18,262.317724
-1.0,18,262.858372
-5.0,18,262.898798
-3.0,18,262.939407
-3.0,20,262.981197
1.0,22,263.026042
-2.0,18,263.06599
-2.0,18,263.097408
5.0,20,263.144145
4.0,18,263.182167
-3.0,18,263.222301
2.0,18,263.258301
2.0,18,263.291616
0.0,18,263.334717
4.0,18,263.372377
1.0,20,263.914186
2.0,21,263.95915
-3.0,18,263.995486
-4.0,21,264.043591
3.0,18,264.083853
3.0,18,264.118117
1.0,18,264.158202
4.0,20,264.193196
-1.0,18,264.234608
2.0,19,264.272402
-1.0,18,264.308
0.0,21,264.351823
3.0,18,264.394698
5.0,23,264.945451
0.0,18,264.983558
-4.0,18,265.0245
0.0,18,265.063153
-2.0,18,265.099403
4.0,20,265.139107
2.0,20,265.187493
-4.0,18,265.224133
2.0,19,265.260052
4.0,18,265.289095
-1.0,18,265.33542
-5.0,21,265.381151
1.0,19,265.42087
6.0,18,265.458395
-3.0,18,266.011255
0.0,20,266.054839
-4.0,18,266.092616
-1.0,20,266.132163
4.0,21,266.172015
0.0,18,266.210303
-4.0,21,266.25762
-2.0,18,266.294893
4.0,20,266.337212
-3.0,18,266.372202
4.0,18,266.412253
4.0,18,266.452206
0.0,20,266.490914
-3.0,18,267.031579
-2.0,20,267.07366
0.0,18,267.111595
3.0,18,267.147075
4.0,18,267.185712
2.0,19,267.225658
-4.0,18,267.258453
4.0,18,267.303719
-4.0,18,267.339234
-4.0,18,267.372412
-1.0,18,267.416506
3.0,18,267.454752
-1.0,18,267.490494
2.0,18,267.532149
3.0,19,268.092485
0.0,20,268.132203
0.0,18,268.172827
-2.0,20,268.209439
-4.0,18,268.241045
-4.0,18,268.289149
-2.0,18,268.331277
2.0,23,268.372339
-3.0,18,268.416879
-4.0,18,268.456038
0.0,18,268.491297
-7.0,18,268.532086
4.0,20,268.572427
2.0,18,268.608072
-4.0,18,269.172497
-4.0,18,269.210452
4.0,20,269.258102
2.0,21,269.292698
-3.0,18,269.338944
4.0,18,269.372224
2.0,18,269.41861
1.0,18,269.456784
2.0,20,269.491807
2.0,18,269.532094
3.0,18,269.576325
-3.0,18,269.618369
3.0,18,269.668054
-4.0,18,269.705759
-3.0,18,270.258214
-2.0,20,270.30843
4.0,18,270.342303
1.0,20,270.388442
-1.0,21,270.433795
1.0,18,270.472081
-3.0,18,270.508221
-2.0,18,270.549566
1.0,21,270.589558
5.0,18,270.632119
0.0,20,270.672099
4.0,21,270.718117
0.0,20,270.762043
-3.0,18,271.308214
1.0,18,271.351292
4.0,20,271.391232
4.0,22,271.44533
3.0,20,271.531226
-1.0,18,271.568041
-1.0,18,271.603025
-4.0,18,271.639237
3.0,20,271.682297
-3.0,21,271.729776
-6.0,18,271.768707
4.0,18,271.808406
4.0,20,271.850095
-2.0,21,272.415489
-4.0,18,272.453604
4.0,22,272.493192
1.0,22,272.540926
-2.0,18,272.572378
-4.0,18,272.618163
0.0,18,272.651612
3.0,18,272.693974
-2.0,18,272.734706
1.0,22,272.781366
-5.0,18,272.817763
-4.0,18,272.851695
1.0,21,272.890405
4.0,20,273.451027
0.0,21,273.493294
0.0,18,273.531664
0.0,18,273.567861
4.0,18,273.604202
-1.0,18,273.639258
-2.0,18,273.672459
-4.0,19,273.71859
-4.0,18,273.758674
-3.0,19,273.795655
-3.0,18,273.83231
-4.0,18,273.874102
2.0,19,273.908336
3.0,21,273.95292
-1.0,21,274.493663
3.0,18,274.53275
0.0,18,274.572846
3.0,20,274.608356
5.0,18,274.652232
-2.0,20,274.696472
2.0,20,274.739392
-5.0,18,274.779169
-1.0,18,274.811347
-1.0,18,274.850292
6.0,18,274.890624
-2.0,18,274.922223
4.0,22,274.969756
8.0,18,275.008259
-4.0,21,275.542401
-4.0,18,275.58432
4.0,23,275.632182
1.0,18,275.672052
-4.0,20,275.708286
5.0,18,275.751022
0.0,19,275.791695
2.0,21,275.832804
2.0,18,275.872395
1.0,20,275.914532
2.0,18,275.952867
-2.0,18,275.992409
-2.0,18,276.032596
-3.0,18,276.558034
2.0,20,276.605645
4.0,18,276.644154
-3.0,18,276.689275
1.0,18,276.730716
2.0,18,276.768233
2.0,18,276.796804
-3.0,18,276.844
4.0,18,276.88235
-6.0,20,276.922309
1.0,18,276.960363
3.0,18,276.997979
-2.0,18,277.040626
4.0,20,277.083551
3.0,18,277.641557
0.0,19,277.682
3.0,18,277.72228
0.0,19,277.761738
-3.0,22,277.808173
2.0,20,277.843194
2.0,18,277.889244
-2.0,21,277.931693
4.0,18,277.968032
0.0,18,278.003409
0.0,19,278.047671
-1.0,18,278.086101
5.0,18,278.122502
1.0,20,278.658382
-1.0,18,278.701231
-1.0,21,278.751328
-1.0,18,278.789141
3.0,21,278.83205
4.0,22,278.875527
-3.0,18,278.907964
3.0,18,278.939136
1.0,21,278.995766
-2.0,18,279.033025
4.0,18,279.072042
-1.0,22,279.107964
3.0,20,279.158095
1.0,18,279.684965
1.0,18,279.722492
-1.0,18,279.765103
0.0,22,279.808033
2.0,21,279.856876
0.0,18,279.891912
4.0,18,279.92432
2.0,20,279.972421
-2.0,21,280.015786
1.0,21,280.062464
-3.0,18,280.098788
4.0,18,280.132801
4.0,18,280.172387
3.0,21,280.20821
-3.0,18,280.762141
-4.0,18,280.797839
5.0,18,280.839021
4.0,18,280.875573
-3.0,19,280.915921
4.0,18,280.954942
3.0,18,280.991588
0.0,18,281.029464
5.0,21,281.075748
4.0,18,281.108196
-1.0,21,281.154087
-2.0,18,281.194377
0.0,21,281.233871
-3.0,18,281.788016
4.0,20,281.831182
0.0,20,281.872497
2.0,18,281.90836
-4.0,18,281.940202
3.0,20,281.98927
-4.0,18,282.031199
-4.0,18,282.069947
-1.0,20,282.108406
0.0,22,282.155391
-2.0,19,282.195257
5.0,18,282.234998
-6.0,18,282.27227
-2.0,20,282.307958
-4.0,18,282.858385
3.0,18,282.895857
3.0,22,282.941539
-1.0,18,282.980482
2.0,18,283.017883
-4.0,18,283.058991
0.0,18,283.095523
0.0,18,283.13379
0.0,21,283.172226
-4.0,18,283.2181
-2.0,18,283.249772
3.0,22,283.296004
-5.0,18,283.339203
-1.0,18,283.893805
-4.0,18,283.930485
-4.0,18,283.968054
2.0,20,284.007995
-5.0,21,284.054628
-2.0,18,284.092229
0.0,18,284.12406
-5.0,22,284.172286
-4.0,21,284.222534
-1.0,18,284.25834
-4.0,18,284.296704
1.0,18,284.332033
-2.0,20,284.372811
4.0,18,284.416923
-4.0,18,284.951998
-3.0,18,284.98898
-1.0,21,285.039642
3.0,18,285.078016
-4.0,18,285.108089
-4.0,18,285.149857
-3.0,19,285.191692
1.0,20,285.232276
1.0,18,285.267716
-4.0,18,285.308041
5.0,21,285.345872
4.0,20,285.390522
-1.0,23,285.43752
-4.0,18,285.989193
-3.0,18,286.032246
-2.0,18,286.070961
-2.0,18,286.107998
-1.0,18,286.143966
4.0,18,286.182011
4.0,18,286.218414
-4.0,18,286.249874
0.0,20,286.291466
-1.0,18,286.332287
3.0,18,286.367928
0.0,18,286.407494
-4.0,18,286.448182
6.0,23,286.492168
-2.0,18,287.055054
-2.0,21,287.099102
3.0,20,287.139279
4.0,18,287.172298
-4.0,19,287.218065
3.0,20,287.258078
2.0,18,287.296638
-5.0,18,287.332041
3.0,23,287.381281
0.0,21,287.426657
3.0,18,287.458126
2.0,20,287.500656
5.0,18,287.542285
-2.0,18,288.100494
0.0,20,288.141076
3.0,18,288.181281
2.0,18,288.21771
-1.0,18,288.251465
3.0,18,288.289084
-3.0,18,288.324809
3.0,22,288.37224
4.0,20,288.418834
4.0,18,288.454113
3.0,18,288.488979
-4.0,18,288.530858
6.0,18,288.567996
-4.0,20,288.610657
-3.0,18,289.151893
2.0,19,289.188935
-4.0,20,289.236701
-3.0,18,289.272123
3.0,20,289.308163
0.0,20,289.348984
2.0,20,289.398389
3.0,18,289.436111
-4.0,19,289.472254
2.0,20,289.508244
4.0,18,289.548291
3.0,18,289.590702
4.0,19,289.632299
-4.0,19,290.172378
-6.0,18,290.217722
2.0,18,290.251791
4.0,18,290.289086
0.0,18,290.325824
5.0,19,290.363115
3.0,21,290.409496
2.0,18,290.4469
3.0,18,290.485164
2.0,21,290.527448
-3.0,18,290.570722
-4.0,18,290.608438
0.0,18,290.642581
-1.0,18,290.682049
-4.0,18,291.232247
0.0,18,291.269201
0.0,18,291.308125
2.0,22,291.347945
-3.0,18,291.39414
0.0,18,291.432317
5.0,18,291.468037
-4.0,18,291.502335
0.0,20,291.54992
2.0,18,291.582449
-2.0,22,291.631312
0.0,20,291.672482
-5.0,19,291.708207
5.0,18,291.750861
1.0,18,292.2942
-3.0,21,292.341901
2.0,18,292.379025
4.0,18,292.416853
1.0,22,292.463124
-3.0,18,292.502561
-3.0,20,292.544174
-5.0,18,292.575416
4.0,19,292.619991
4.0,18,292.655017
-4.0,20,292.697765
2.0,21,292.740674
5.0,18,292.7806
-3.0,20,293.326171
-1.0,18,293.3629
0.0,21,293.408038
2.0,22,293.45328
3.0,18,293.489216
1.0,18,293.522328
5.0,18,293.558336
4.0,23,293.614074
1.0,21,293.656123
3.0,18,293.693198
-4.0,20,293.738522
4.0,20,293.783
3.0,18,293.822343
-6.0,18,294.472251
0.0,21,294.522273
-1.0,21,294.572101
4.0,18,294.608093
4.0,23,294.6624
1.0,18,294.704533
4.0,18,294.746105
-5.0,18,294.78631
0.0,18,294.822317
2.0,18,294.85816
4.0,21,294.908129
3.0,18,294.946247
-2.0,18,294.982252
-4.0,20,295.599495
4.0,18,295.639269
1.0,18,295.672617
2.0,18,295.709536
2.0,21,295.763072
1.0,18,295.801523
-3.0,23,295.845903
-2.0,18,295.888929
2.0,18,295.925107
3.0,18,295.961959
-4.0,21,296.009439
-4.0,20,296.056512
0.0,23,296.105027
2.0,20,296.708321
4.0,20,296.751765
0.0,18,296.79029
2.0,20,296.832101
8.0,18,296.867873
3.0,21,296.913769
0.0,18,296.955789
1.0,18,296.995501
5.0,18,297.034172
0.0,20,297.077917
0.0,20,297.118481
-4.0,20,297.160059
6.0,18,297.192044
4.0,18,297.239565
4.0,20,297.822326
-2.0,18,297.858024
-2.0,18,297.899606
0.0,18,297.94115
4.0,18,297.981289
4.0,18,298.017808
1.0,18,298.061423
-2.0,20,298.106051
3.0,18,298.145139
-2.0,19,298.187234
-1.0,18,298.224127
2.0,20,298.26821
5.0,20,298.308187
-1.0,18,298.340838
4.0,18,298.947266
1.0,18,298.994743
0.0,18,299.035952
1.0,20,299.083578
0.0,19,299.122339
-4.0,18,299.161697
3.0,18,299.193627
-1.0,18,299.239298
0.0,20,299.280852
4.0,18,299.318576
0.0,19,299.35814
0.0,21,299.408185
4.0,18,299.448036
3.0,18,300.041679
-4.0,18,300.083477
-3.0,18,300.122473
1.0,18,300.158365
1.0,19,300.203965
4.0,26,300.258346
-5.0,18,300.289175
-3.0,18,300.335589
-1.0,18,300.372588
-5.0,19,300.416336
1.0,20,300.458806
-5.0,20,300.50047
2.0,18,300.53936
-2.0,18,300.57224
-3.0,18,301.178759
3.0,18,301.217941
3.0,18,301.242816
-3.0,18,301.290888
-4.0,18,301.332345
4.0,19,301.372207
1.0,21,301.421446
0.0,20,301.459751
-2.0,18,301.491702
2.0,18,301.539156
2.0,18,301.582081
-4.0,18,301.618678
-2.0,18,301.65828
0.0,18,301.698345
-2.0,20,302.289144
2.0,18,302.339349
3.0,20,302.384428
2.0,18,302.423607
3.0,18,302.460155
1.0,18,302.491379
5.0,20,302.539179
-4.0,19,302.586107
-3.0,18,302.62215
-2.0,18,302.658412
2.0,21,302.70871
3.0,21,302.755374
2.0,20,302.793597
1.0,20,303.420002
0.0,18,303.460099
-4.0,18,303.492276
-4.0,18,303.532325
0.0,18,303.572387
4.0,23,303.622538
5.0,18,303.658274
3.0,21,303.710185
-2.0,18,303.749587
2.0,18,303.789881
-4.0,18,303.825051
2.0,18,303.867746
-2.0,19,303.902285
-3.0,18,303.944263
-2.0,18,304.540118
4.0,18,304.582026
4.0,18,304.62208
0.0,21,304.667711
-4.0,18,304.705082
-3.0,20,304.747801
3.0,18,304.786232
-4.0,18,304.822476
-4.0,23,304.873334
-2.0,18,304.911265
1.0,18,304.958103
4.0,19,305.008106
3.0,18,305.052634
-3.0,21,305.682198
-5.0,18,305.723582
4.0,23,305.776677
0.0,20,305.820472
-2.0,19,305.868134
-5.0,21,305.922405
1.0,18,305.972327
4.0,18,306.025564
4.0,21,306.081286
-2.0,20,306.132241
-3.0,18,306.174869
-2.0,18,306.222607
-1.0,20,306.275431
3.0,21,306.891843
4.0,18,306.932299
-1.0,18,306.972217
-5.0,18,307.010358
-6.0,20,307.05378
4.0,22,307.101417
1.0,18,307.147394
3.0,21,307.194904
4.0,18,307.237147
4.0,20,307.280415
2.0,18,307.318043
2.0,20,307.358419
-2.0,20,307.406296
0.0,18,307.446605
-2.0,21,308.070456
-5.0,18,308.11202
-2.0,18,308.149318
-3.0,18,308.190788
2.0,18,308.227957
-3.0,20,308.272328
-2.0,18,308.308837
-3.0,18,308.3392
-2.0,18,308.390661
-4.0,20,308.440836
3.0,20,308.482005
5.0,19,308.524925
-2.0,18,308.558347
-2.0,18,309.172397
4.0,18,309.213353
-3.0,18,309.2452
0.0,19,309.293349
1.0,21,309.332131
-1.0,18,309.372683
5.0,21,309.422684
0.0,18,309.498813
-5.0,18,309.541492
4.0,18,309.589285
-2.0,21,309.635966
2.0,21,309.682104
-2.0,18,309.719462
-5.0,18,309.761187
0.0,18,310.367913
-2.0,18,310.408295
-3.0,18,310.446928
3.0,19,310.482156
-2.0,18,310.52578
2.0,18,310.558223
-1.0,18,310.589194
4.0,20,310.639064
-3.0,18,310.682938
-4.0,18,310.717978
-1.0,18,310.757986
4.0,24,310.808237
-2.0,18,310.844507
0.0,20,311.449881
1.0,18,311.490258
4.0,20,311.531972
4.0,20,311.573912
4.0,18,311.608011
2.0,18,311.653345
-3.0,18,311.691226
3.0,19,311.734359
-4.0,18,311.77571
0.0,22,311.822322
4.0,20,311.860862
2.0,18,311.892553
0.0,19,311.940234
-3.0,20,311.986522
-4.0,21,312.588996
-2.0,18,312.62209
5.0,18,312.65816
1.0,18,312.700785
0.0,20,312.750626
2.0,18,312.789015
-2.0,20,312.832756
5.0,18,312.87235
-2.0,18,312.908434
1.0,18,312.943336
0.0,18,312.98543
-3.0,18,313.026553
4.0,18,313.066007
-5.0,18,313.105256
1.0,22,313.689172
4.0,18,313.736485
0.0,18,313.77597
4.0,18,313.813006
-2.0,18,313.844598
-4.0,18,313.892434
-5.0,21,313.939013
-1.0,19,313.98047
-1.0,21,314.027066
3.0,20,314.075741
4.0,20,314.128879
-3.0,18,314.172388
-1.0,18,314.217941
-4.0,18,314.808372
3.0,20,314.846988
1.0,18,314.891701
0.0,21,314.932224
2.0,18,314.972584
-5.0,18,315.008229
0.0,20,315.06211
0.0,18,315.091224
4.0,18,315.139028
0.0,18,315.172067
-4.0,18,315.208329
1.0,18,315.250017
-4.0,18,315.289269
3.0,18,315.32899
-5.0,18,315.940941
2.0,20,315.992765
0.0,20,316.036231
4.0,18,316.073653
-4.0,18,316.108818
0.0,18,316.139663
-1.0,18,316.189161
-4.0,18,316.231515
1.0,18,316.267818
-4.0,18,316.308285
6.0,18,316.343741
1.0,18,316.382136
0.0,18,316.427453
1.0,18,316.465627
-3.0,20,317.070925
-2.0,18,317.108995
-5.0,18,317.139817
2.0,18,317.187002
1.0,18,317.222412
-3.0,18,317.266281
6.0,20,317.30828
-4.0,22,317.345401
0.0,18,317.394298
0.0,18,317.434083
1.0,18,317.472334
-3.0,20,317.512861
-3.0,20,317.557956
-4.0,21,318.14945
-1.0,18,318.189256
-3.0,18,318.228551
-2.0,18,318.267782
1.0,20,318.308115
-5.0,20,318.345815
0.0,18,318.396121
4.0,21,318.441284
3.0,18,318.481775
0.0,18,318.522252
1.0,18,318.559876
-5.0,18,318.59169
-2.0,18,318.633984
3.0,20,318.680834
1.0,20,319.272487
0.0,18,319.307995
4.0,18,319.344999
4.0,18,319.39319
2.0,18,319.433025
2.0,18,319.472269
3.0,18,319.508407
-4.0,18,319.543915
0.0,18,319.589157
2.0,19,319.630497
3.0,18,319.667794
-1.0,18,319.70812
2.0,23,319.759881
-2.0,18,319.798911
0.0,18,320.418529
-4.0,19,320.466522
2.0,20,320.51417
-2.0,18,320.558008
2.0,20,320.608088
-1.0,18,320.651314
-2.0,19,320.697241
-1.0,18,320.739361
6.0,18,320.783864
-4.0,18,320.822413
5.0,18,320.87238
-1.0,18,320.910491
0.0,22,320.95823
-1.0,21,321.564308
4.0,18,321.608661
-1.0,18,321.654027
0.0,18,321.701457
2.0,18,321.749147
0.0,20,321.797489
-1.0,18,321.841769
-1.0,20,321.889394
4.0,21,321.939374
-1.0,18,321.979818
-1.0,18,322.02497
-1.0,20,322.075673
0.0,18,322.119051
5.0,20,322.158224
-2.0,18,322.765022
5.0,18,322.800601
0.0,18,322.847205
-4.0,18,322.889172
4.0,18,322.931214
4.0,20,322.973992
-1.0,19,323.018095
-2.0,19,323.0611
-2.0,18,323.09433
-1.0,18,323.14131
-2.0,18,323.183301
4.0,23,323.232002
-2.0,22,323.283852
0.0,19,323.876326
0.0,20,323.923151
0.0,18,323.959552
3.0,18,324.006894
-3.0,20,324.057154
5.0,20,324.100089
2.0,18,324.140881
2.0,23,324.192602
1.0,20,324.247786
1.0,18,324.28915
4.0,18,324.334696
3.0,20,324.384553
-4.0,20,324.434799
-1.0,18,324.472432
-4.0,18,325.101462
0.0,18,325.145238
6.0,21,325.189251
3.0,20,325.232135
0.0,20,325.279074
-2.0,18,325.316312
2.0,20,325.348213
0.0,18,325.398268
-4.0,18,325.437609
-1.0,20,325.480616
-2.0,18,325.51788
4.0,20,325.55834
2.0,18,325.596276
-1.0,18,326.191056
0.0,18,326.23042
2.0,18,326.267692
-1.0,18,326.30112
3.0,18,326.342715
1.0,18,326.383765
-3.0,18,326.422204
-2.0,18,326.45823
1.0,21,326.508122
-2.0,18,326.543853
-4.0,19,326.585165
-4.0,20,326.63038
4.0,21,326.672485
2.0,20,326.717932
2.0,20,327.322021
-2.0,18,327.358356
2.0,23,327.412616
-1.0,18,327.450272
4.0,18,327.489121
-2.0,18,327.526536
3.0,20,327.568113
-1.0,18,327.599946
0.0,18,327.647113
1.0,22,327.689141
-4.0,18,327.732735
-1.0,20,327.776197
2.0,18,327.807998
0.0,18,328.420501
0.0,18,328.458433
-2.0,20,328.489394
-3.0,20,328.539231
1.0,22,328.589198
-2.0,18,328.626925
0.0,20,328.672163
3.0,21,328.71776
0.0,20,328.763932
-4.0,18,328.8032
-2.0,22,328.850135
-4.0,18,328.889378
1.0,18,328.930827
-3.0,20,329.527387
1.0,21,329.572098
1.0,18,329.608001
0.0,18,329.646914
-4.0,19,329.689069
1.0,20,329.734066
1.0,18,329.774492
4.0,20,329.818337
-1.0,21,329.858176
-1.0,18,329.898529
0.0,20,329.939021
5.0,24,329.992822
-1.0,18,330.034671
-3.0,18,330.646812
0.0,18,330.682226
5.0,20,330.729331
4.0,19,330.770772
1.0,21,330.808011
-1.0,18,330.85087
2.0,18,330.89277
-1.0,18,330.931235
0.0,20,330.972438
-5.0,18,331.008294
0.0,18,331.054485
-4.0,20,331.096624
-2.0,19,331.13234
-4.0,18,331.175043
-3.0,18,331.777693
2.0,20,331.822094
-4.0,18,331.858454
3.0,21,331.897916
-5.0,18,331.945538
0.0,20,331.982359
2.0,18,332.024279
0.0,18,332.062461
4.0,18,332.099313
0.0,18,332.139353
7.0,18,332.180448
-2.0,18,332.21858
0.0,24,332.272178
2.0,18,332.86787
-2.0,18,332.908034
0.0,19,332.947284
0.0,18,332.982373
0.0,21,333.033663
0.0,18,333.073949
-5.0,18,333.108352
-4.0,20,333.14538
2.0,18,333.192915
-1.0,18,333.230874
-3.0,18,333.267842
-2.0,18,333.308319
-2.0,18,333.3395
-2.0,21,333.390596
2.0,20,333.994323
-4.0,18,334.034799
2.0,18,334.076295
1.0,18,334.114189
2.0,18,334.146192
-4.0,18,334.189195
-4.0,18,334.230709
4.0,20,334.272208
4.0,18,334.308275
-1.0,20,334.352328
0.0,20,334.39887
-5.0,20,334.442653
-3.0,18,334.481972
0.0,20,334.522027
3.0,19,335.122467
2.0,18,335.162847
-4.0,18,335.193975
-1.0,21,335.241593
3.0,23,335.289787
1.0,23,335.339146
-3.0,18,335.39309
-2.0,18,335.432369
1.0,18,335.472102
-2.0,19,335.507971
-1.0,21,335.554328
2.0,23,335.602401
0.0,18,335.63903
-2.0,20,336.232053
-2.0,18,336.27211
-4.0,20,336.308363
-4.0,18,336.352359
1.0,21,336.396733
0.0,18,336.43798
0.0,20,336.480829
0.0,18,336.517696
4.0,20,336.558113
1.0,18,336.601592
-4.0,18,336.644027
2.0,21,336.691606
-3.0,20,336.740821
-4.0,18,337.322437
-3.0,18,337.367943
-2.0,21,337.414699
1.0,18,337.454618
5.0,18,337.491608
1.0,18,337.532055
4.0,20,337.572232
3.0,18,337.608289
1.0,18,337.648648
-1.0,18,337.688976
4.0,21,337.736788
-2.0,21,337.783283
1.0,20,337.824807
-1.0,21,338.44118
4.0,20,338.482075
4.0,18,338.524484
-2.0,18,338.558051
4.0,18,338.58923
-4.0,18,338.639372
3.0,18,338.672161
4.0,18,338.717718
6.0,18,338.756324
4.0,21,338.794296
5.0,23,338.84148
4.0,18,338.889889
4.0,19,338.930475
4.0,18,338.96832
4.0,18,339.557984
5.0,18,339.59539
2.0,18,339.638939
-1.0,19,339.672173
1.0,18,339.717612
-2.0,18,339.757963
2.0,18,339.794644
-2.0,18,339.832471
-5.0,20,339.873674
-4.0,20,339.908233
4.0,20,339.95843
2.0,21,340.00043
0.0,18,340.03937
3.0,18,340.085124
1.0,18,340.672488
-3.0,20,340.717736
-2.0,20,340.763494
4.0,18,340.795099
1.0,22,340.842902
4.0,18,340.890008
3.0,19,340.93132
-1.0,18,340.969164
4.0,24,341.022475
4.0,20,341.068216
1.0,18,341.101296
4.0,20,341.142548
-5.0,19,341.181901
0.0,22,341.787472
0.0,19,341.826575
0.0,19,341.867751
0.0,20,341.908398
-5.0,18,341.939188
-1.0,18,341.989005
3.0,19,342.031614
-5.0,18,342.07108
1.0,20,342.108232
1.0,19,342.148177
2.0,18,342.189409
-3.0,18,342.228749
0.0,20,342.26781
3.0,18,342.868206
4.0,20,342.908171
4.0,18,342.952909
4.0,21,342.989234
3.0,18,343.039132
-6.0,18,343.080599
-1.0,18,343.117879
0.0,18,343.149861
-2.0,18,343.191536
4.0,18,343.232303
-1.0,20,343.276016
4.0,18,343.310475
4.0,20,343.358351
-4.0,20,343.401725
2.0,18,344.044731
1.0,18,344.085072
3.0,18,344.122372
-3.0,18,344.158408
-2.0,20,344.20829
-4.0,18,344.244584
-6.0,18,344.282133
1.0,18,344.322466
-3.0,22,344.370734
-3.0,18,344.409234
0.0,21,344.45645
6.0,18,344.493597
-3.0,18,344.535976
5.0,18,344.572427
4.0,19,345.168026
4.0,19,345.208118
4.0,25,345.260622
2.0,18,345.292254
-4.0,20,345.339934
-5.0,22,345.392279
-4.0,18,345.432872
5.0,18,345.472062
1.0,18,345.510546
-2.0,18,345.542431
-4.0,18,345.581995
-4.0,18,345.622652
4.0,20,345.668039
-1.0,18,346.245511
-3.0,18,346.292382
1.0,23,346.34003
-4.0,18,346.382276
-1.0,18,346.42365
1.0,19,346.463963
-2.0,20,346.49491
2.0,20,346.542474
0.0,18,346.582186
2.0,18,346.62243
2.0,20,346.66811
3.0,20,346.713465
3.0,18,346.752937
4.0,18,347.324439
0.0,18,347.358277
3.0,18,347.403545
2.0,20,347.44805
3.0,18,347.481854
-2.0,18,347.527343
-3.0,18,347.558677
-4.0,18,347.605179
-2.0,21,347.639338
4.0,20,347.689277
-4.0,20,347.734182
-2.0,18,347.774546
4.0,23,347.822327
-1.0,21,347.86788
3.0,22,348.48189
1.0,18,348.522085
1.0,18,348.559943
2.0,20,348.591327
2.0,22,348.639965
-2.0,18,348.689274
-4.0,18,348.730372
-2.0,18,348.770011
1.0,21,348.813159
-3.0,19,348.844941
-4.0,18,348.892334
-1.0,20,348.938997
4.0,21,348.981938
2.0,20,349.567889
3.0,19,349.608602
6.0,21,349.650395
0.0,20,349.688995
4.0,22,349.744763
2.0,19,349.787811
2.0,18,349.82297
6.0,18,349.860703
2.0,18,349.902855
0.0,20,349.940867
0.0,20,349.988957
3.0,20,350.033184
0.0,18,350.070534
